6,8,34,36,38,45,47,49,50,51,52,55,61,62,63,67,69,71,74,78,83
4,6,7,17,35,36,38,41,42,52,53,55,73,78,85,87,93
8,9,11,14,18,35,39,40,42,43,59,63,69,80,81,87,93,97
8,9,10,14,17,21,25,36,38,40,43,45,57,60,62,63,69,83,85,93
0,4,7,11,12,14,20,23,26,29,46,61,63,73,85,86,91
11,13,38,42,62,96
6,11,12,17,18,19,21,25,33,38,48,62,63,71,75,80,83,84,87
11,14,18,61,68,81
0,3,11,13,23,38,39,40,57,60,63,67,69,74,79,80,87,89
5,7,17,32,38,40,43,52,61,70
3,7,43,45,47,69,72,85,89,97
0,3,9,17,28,29,38,40,47,65,71,72,74,78,89,93,95,98
3,4,12,33,39,47,48,61,69,74,80,86,87,96
17,21,31,33,36,43,45,47,48,52,61,69,73,78,81,83,87
3,5,6,11,26,28,35,36,38,40,43,48,51,59,61,62,63,66,77,81,85,86
5,8,14,20,21,33,36,40,51,52,57,63,66,85,89
3,8,14,17,28,35,38,39,42,63,86,90,95
3,5,21,26,29,31,41,48,62,69,70,80
1,5,7,11,14,26,28,31,33,35,36,43,45,57,61,63,77,81,82,86,91
8,12,20,21,28,29,31,43,50,62,63,67,69,72,80,83,86,87,88,96
3,11,23,38,47,48,62,73,92,97
13,17,21,23,28,31,33,35,36,38,50,62,66,67,71,83,85,95
8,25,35,36,38,51,59,62,63,70,71,74,81,87,97
13,21,23,28,29,36,42,43,45,46,48,51,57,63,68,69,70,72,83,85,89,95,97
5,36,44,74,77,81,83,87
3,21,28,36,38,40,48,49,57,66,67,69,71,74,81,84,85,86,87,95
8,17,27,36,38,40,43,45,48,67,74,82,86,87,89,91,93
7,12,13,21,34,35,47,49,51,52,63,66,68,71,80,83,85,89,93
3,8,10,25,28,36,38,39,62,69,72,73,81,85
3,8,12,17,35,36,38,41,57,61,63,69,73,76,85,86,97
0,14,35,38,40,42,48,51,61,63,69,74,89,90,93
3,9,11,17,24,28,36,48,60,61,63,69,72,78,80,90,92,95
3,8,9,11,12,17,34,38,42,47,48,49,55,66,72,74,78,80,85,87,95
5,7,11,12,28,33,38,40,47,67,68,69,81,83,87,89,95
0,4,8,11,13,17,28,29,36,38,40,48,69,71,72,76,78,85
11,13,14,23,25,33,38,40,46,47,48,55,73,80,81,85,87,92,93,95,97
7,8,9,13,17,25,26,63,75,78,79,98
10,13,14,17,27,34,35,36,38,39,57,60,68,71,83,86,87,92
0,9,11,17,29,36,38,48,76,81
9,14,16,22,28,36,39,53,63,69
22,25,27,29,31,38,47,48,52,80,84,85,89,93,99
38,39,42,51,57,72,81,83,85,87,89,91,93,99
3,11,12,17,23,36,38,41,43,61,80,87,91,95
3,5,14,25,36,38,39,40,46,68,71,74,76,78,87,90,95
7,9,18,20,23,25,27,33,36,52,63,68,69,72,78,81,90,92,93,95
8,12,14,22,36,38,40,43,48,50,63,66,68,69,74,85,87,94
0,11,19,23,35,36,38,39,48,51,67,69,71,81,83,91,96
4,10,13,14,25,28,36,38,39,40,42,43,50,51,53,55,61,62,63,69,87,97
26,29,33,38,69,81,87,93
4,8,9,12,21,23,24,28,34,36,38,51,62,73,74,86,90,93,96,98
3,8,17,20,35,43,48,61,80
8,12,13,17,28,33,34,36,38,39,40,45,46,49,63,85,87
6,7,8,19,23,25,33,35,39,61,62,66,69,72,73,75,85,86,87,95
0,4,5,11,12,28,29,35,38,47,48,57,61,78,80,83,97
5,14,29,38,46,69,72,80,86,90
11,36,43,47,52,67,78,85,87
5,17,25,26,33,51,63,69,72,81,87
3,5,8,26,28,35,36,38,43,59,63,68,69,72,81,85,87,99
14,23,28,36,39,49,69,83,87,95
6,7,13,24,28,34,35,40,43,48,69,72,78,86,88,89,94
8,11,13,19,21,28,35,38,45,48,51,61,66,72,73,80,90,92
9,11,12,36,38,61,63,69,87
0,3,8,17,29,34,38,62,72,73,81,83,85,87,89,93
5,14,25,38,43,47,49,52,55,61,63,68,73,82,84,87,95,97
8,14,38,41,42,49,51,73,76,83,87
17,29,31,35,36,38,39,49,59,81,85,93,96
14,17,19,28,35,36,40,43,48,53,62,63,68,80,86,87,98
0,3,6,9,13,17,35,38,40,47,80
8,39,63,74,75,93
26,39,48,61,63,69,73,90,95,97
3,8,9,16,23,25,26,35,38,39,48,61,62,63,70,71,77,78,87,90,93,97
3,10,12,13,14,24,27,28,36,39,47,52,68,69,83,85,97
0,4,8,9,16,17,19,21,28,33,54,63,71,73,95
7,8,28,39,40,46,63,66,67,69,72,85,87
4,9,11,31,36,48,60,63,67,83,85,87
7,8,9,21,39,43,48,63,66,67,69,81,85,87
3,17,23,26,34,42,43,48,52,69,73,81,85,86,87,95
12,28,36,48,52,88
19,29,38,47,52,62,71,80,83,87,92
7,8,23,29,42,48,49,63,72,83,86
3,12,19,20,21,23,36,39,41,43,49,67,68,72,73,85,87,90,93,94
8,17,19,23,28,36,42,45,46,48,51,63,97
6,9,36,63,71,73,74
3,4,7,9,10,15,18,23,25,33,35,36,41,51,57,60,61,86,87,89,98
3,5,6,11,14,19,28,33,35,36,38,48,63,65,67,68,81,83,85,95
11,21,23,33,36,38,59,61,93
3,8,10,11,13,28,29,34,40,47,49,51,60,61,63,70,71,72,87,89,90
7,8,13,21,24,40,43,48,50,51,60,61,68,73,80,93
7,8,9,11,27,38,39,51,63,67,69,71,83,85,87,93,95
15,18,21,23,33,41,48,50,60,63,66,69,71,81,83
6,8,10,14,29,34,35,36,43,47,48,67,69,81,83,84,86,87,97
8,14,16,19,26,28,29,48,49,67,69,73,74,78,95
8,10,23,26,27,28,29,40,41,47,60,63,81,83,85,89
13,14,17,23,35,36,40,43,46,68,69,71,72,78,85,97
3,14,17,42,43,45,63,69,72,85,94
3,9,10,17,19,33,34,35,47,63,69,71,72,78,79,83,93
13,19,22,29,36,41,43,45,51,62,63,67,69,71,74,89,97
9,27,28,40,42,43,48,57,62,63,69,72,78,81,83,87,88,93
5,28,38,39,46,53,71,86,87
0,4,8,11,17,22,23,26,28,29,36,40,41,48,69,70,78,80
3,21,23,26,52,60,63,67,68,69,73,80,86,87,91,94
3,5,7,8,11,17,31,35,38,41,52,55,59,69,70,71,83,87
7,22,25,34,36,40,47,51,52,59,87,89,97
13,14,21,34,35,43,48,63,71,89
5,15,29,36,63,69,72,75,86
11,15,23,28,36,46,69
9,17,21,35,36,38,47,61,63,65,67,74,85,86,87,90
12,17,21,23,36,38,47,51,60,66,69,71,85,87,93
3,8,9,13,24,28,29,34,38,48,50,62,63,71,81,87,93
14,20,21,24,38,43,46,48,63,67,69,81,95
6,14,28,29,31,33,36,47,50,57,63,74,77,83,87,93
6,7,8,17,25,28,29,36,38,49,51,61,63,68,69,71,73,80,81,87,92
3,14,15,25,38,39,60,61,62,63,67,78,81,85,86,92
8,10,38,52,61,63,68,70,85,89
6,8,39,76,78,83,95
4,7,8,11,12,35,36,38,40,55,80,89,97
13,15,40,43,57,60,61,72,81,86,87
11,14,17,53,62,69,73
3,7,8,11,21,24,29,53,60,62,67,68,80,85,87
6,7,8,17,23,26,34,38,40,42,61,78,87,89,97
3,9,11,24,25,28,36,38,42,47,61,66,69,71,72,73,80,81,94
3,8,11,28,33,34,36,38,39,43,47,52,63,67,71,72
7,8,12,21,25,35,38,51,63,72,78,87,89,90,95,99
0,3,5,17,18,25,40,49,52,53,68,71,83,85,89,90,94
0,14,21,28,34,38,39,45,47,51,52,87,93,94,99
10,14,38,39,49,50,63
8,12,25,38,39,42,43,45,63,66,73,87,93
0,6,17,26,29,36,38,41,62,69,81,97
3,8,9,10,26,28,29,36,38,42,45,61,68,78,86,87
24,44,47,48,51,61,63,66,69,85,93
8,11,26,29,42,43,51,62,72,76,85,88
9,14,17,21,23,33,34,36,38,39,47,48,55,61,63,73,80,86,87,93
0,7,14,28,33,35,38,42,47,63,66,67,69,71,73,80,81,83,84,86,87,95
17,24,25,38,40,45,52,63,70,73,81,83
3,4,7,11,14,17,28,32,36,38,39,40,43,48,51,52,60,61,62,63,69,72,86,87,91,97
3,14,18,19,31,38,49,60,72,80,95
5,17,26,29,35,36,38,43,46,61,63,77,81,86,95
3,7,17,36,38,48,61,62,81,93,95,96
57,69,93,97
0,8,9,23,26,29,34,36,40,47,50,55,63,69,71,80,83,85,89,97,99
5,11,14,23,35,41,43,62,69,70,87,97
3,8,9,14,20,28,29,36,40,42,43,48,55,63,67,73,74,81,83,87,90,98
7,17,38,41,42,43,49,63,69,81,83,85,89
38,39,40,49,72,97
3,5,9,14,18,35,38,43,47,53,55,63,85,86,87,93
3,8,17,23,87,93,97
0,3,6,7,11,15,23,29,34,36,39,46,52,59,72,73,78,88
6,8,10,17,21,28,33,34,36,38,40,42,47,62,71,78,87,94
3,7,8,9,24,27,31,38,43,55,83,85
26,29,39,45,48,51,69,86
10,13,14,29,38,45,69,85,95,97
11,26,42,43,47,50,52,75,83,85,89,93
38,51,52
11,12,17,21,33,35,38,47,51,63,66,67,71,86,87,88,93
4,7,11,14,28,36,47,71,76,81,83,92,93
8,11,26,38,40,63,93
9,11,24,29,35,38,48,53,57,61,67,69,71,80,85,86,88,99
0,3,6,11,14,21,28,33,34,62,69,71,83,85,86,96
14,28,34,38,47,52,67,69,93
9,23,24,28,36,38,48,51,67,87,90
7,8,11,17,25,26,32,36,38,39,40,42,47,48,51,66,70,73,74,76,86,87,93
11,15,35,40,43,61,63,68,69,70,78,83,85,92
3,15,31,34,36,43,52,63,69,70,87,96
3,12,21,35,38,39,45,61,62,63,74,83,85,94
8,17,28,36,39,49,50,62,63,68,70,85,87
6,19,23,25,26,28,36,38,39,47,48,51,61,63,69,71,76,80,83,89,90,91
0,3,8,9,10,11,14,18,24,25,38,41,46,51,57,61,67,81,86,87,99
9,28,31,33,35,48,49,62,69,71,80,87
0,3,9,19,21,29,36,38,46,48,51,54,66,71,73,81,83,86,87
5,6,8,28,29,36,38,42,67,69,73,80,83,87,93
11,14,17,19,21,23,31,33,36,38,39,40,61,63,80,85,87,96,97,99
0,12,14,18,29,38,61,63,67,73,78
8,11,26,38,39,44,50,74,78,90,93,98
5,9,22,39,47,48,66,71,83,87
0,3,8,12,17,28,29,43,48,53,67,69,70,83,86,87,89
3,9,18,24,28,31,32,33,35,36,38,62,63,66,70,72,80,83
18,24,28,29,35,47,51,62,63,67,69,70,74,75,78,80,81,85,89,92
13,18,24,25,29,38,51,61,62,69,73,75,87
20,39,62,69,72,80,83,86,87,88,93
4,31,35,40,47,48,67,69,72,78,85,97
0,5,29,33,38,45,47,48,63,67,68,74,78,85
15,17,28,36,63,78
3,4,9,11,12,14,17,40,51,61,67,74,89
10,11,14,23,24,35,36,41,47,48,55,69,79,80,83,85,87,93
23,24,28,36,38,40,41,47,52,53,63,69,74,81,87,95
8,18,21,23,38,39,52,61,63,67,68,73,78,81,83,86,87,90,97
3,6,23,36,39,40,47,49,53,60,61,68,93
17,21,34,38,40,48,67,87,93,95
9,10,26,29,38,43,61,62,63,69,71,80,86
11,13,18,28,38,43,44,47,48,69,80,86,91
14,17,19,35,36,38,46,51,62,67,71,72,73,86,87,95,97
7,13,47,50,57,63,72,87,92
3,8,25,29,34,35,48,50,61,62,69,78,86,87,93
14,18,22,26,28,40,42,43,51,85
7,8,10,11,38,39,47,85
3,12,14,36,47,48,52,55,62,80,85,87,93,95
9,14,15,17,21,39,48,62,63,66,89
3,6,13,15,48,51,62,71,78,87,93,95
8,11,13,22,34,36,38,39,66,67,69,71,72,73,80,83,86,87
3,6,7,15,17,23,28,35,38,48,61,69,74,78,85,87,91,97
11,12,38,39,43,47,48,57,63,69,73,80,87,89,93
3,4,5,7,11,35,36,45,47,57,60,63,67,69,77,78,85,87,89
8,9,17,26,31,38,49,51,61,63,67,71,72,74,76,87,95
11,42,48,52,69,85,87,89
0,8,13,17,36,38,39,42,44,68,78,83,92,96
3,8,28,36,46,49,74,80,85,93
3,7,14,17,27,38,51,60,62,63,68,71,72,85
8,11,17,18,26,28,38,43,50,51,52,60,63,77,83,86
5,9,28,36,39,43,61,63,66,71,81,83,86
8,9,11,17,19,23,38,47,63,69,70,80,81,83,85,87
0,7,17,19,35,40,43,47,54,57,60,87,90
8,12,14,17,21,24,38,49,62,63,66,67,69,73,83,89,94
0,8,21,25,28,29,34,43,47,48,53,57,67,69,78,80,81,83,87,93,94
3,9,12,29,31,36,40,41,55,61,67,69,73,74,86,94
17,20,21,38,41,51,66,68,69,73,85,87,93
6,9,11,24,29,36,38,40,41,53,62,67,68,73,80,81,93
8,12,36,39,41,43,48,61,63,66,70,76,79,87
3,9,17,36,45,48,51,69,72,86,88,89,94
7,9,11,15,16,17,18,21,23,24,33,34,36,38,42,43,48,50,60,66,69,86,87
8,10,16,33,35,36,50,53,61,71,87,90
7,19,22,25,36,39,44,48,51,55,87,89,91,93
21,29,34,45,50,60,63,67,71,72,80,88
0,15,18,21,23,27,33,42,48,50,60,62,66,71
4,8,13,15,23,26,29,38,50,51,55,57,70,83,86,89,95
0,3,10,26,29,38,48,63,69,72,73,86,88,90
3,5,9,20,22,29,38,40,66,71,78,81,86,93,95
11,17,23,36,48,66,78
9,11,33,35,40,42,52,54,59,66,68,69,78,85
14,21,29,36,38,39,43,45,47,53,67,78,80,87,94,95
3,8,11,17,20,25,26,29,38,39,40,50,52,60,63,71,76,78,80,86,87
9,10,11,23,26,29,31,38,43,50,51,55,60,78
0,6,8,38,40,42,46,47,68,78,80,81,87
3,11,13,62,63,71,72,74,78,81,87
0,11,16,21,30,38,39,48,52,59,61,63,66,68,73,85,86,87,89,92
5,7,14,17,25,26,28,32,38,49,69,85,86,93,97
5,10,14,39,43,47,50,55,73,80,86,87,93,95
3,5,8,33,36,38,39,43,53,63,68,87
3,6,9,17,23,38,39,48,66,68,69,73,78,87
3,11,17,28,31,36,38,39,44,45,52,63,66,67,69,70,73,86,87
5,7,9,17,19,25,35,36,38,41,43,47,51,53,63,68,69,74,83,85,86,90,92,97
5,9,17,28,31,36,38,67,69,71,75,80,83,85,87,96
5,8,11,22,39,41,48,51,52,63,66,70,83,87
7,8,16,18,19,24,32,34,35,38,47,49,51,53,60,63,69,71,72,78,85,87
3,14,16,18,29,38,47,48,72,85,90
8,12,17,19,21,24,28,33,38,40,52,57,62,63,66,67,78,86,90
10,11,29,31,47,48,63,72,77,80,88
19,33,40,43,45,47,48,57,73,77,81,87
5,9,12,17,38,39,40,43,50,63,69,81,83,86,87,89,90
0,3,23,31,35,36,39,40,61,62,63,69,74,76,80,87
28,29,31,36,38,39,48,57,63,69,81,85,87,99
14,17,20,38,40,51,62,66,67,78,85,90,95
0,6,17,34,35,36,40,46,50,61,62,63,74,85,86,89,99
3,21,38,71,80,85,87,95
7,13,17,26,39,43,47,49,51,53,60,63,69,85,87,91
0,3,11,17,18,28,36,38,48,57,63,67,70,81,92
3,4,11,12,21,23,26,29,35,36,38,45,61,63,73,76,86,87,90
10,14,28,38,43,48,61,63,67,73,80,86,87
5,9,17,21,22,33,35,38,39,40,67,89,91
0,3,4,14,23,31,32,41,48,73,88
6,9,11,17,18,29,35,36,38,43,50,52,62,63,72,74,78,87
7,38,47,52,68,72,80,96
3,7,8,11,17,29,37,39,40,43,45,48,56,57,63,67,74,78,79,85,87,89
13,15,33,34,48,50,69,72,81,84,89,90,93
15,17,23,28,34,35,36,47,51,72
3,7,9,28,36,47,48,51,62,76,87
5,7,14,19,23,24,29,36,38,48,53,57,61,62,66,68,70,87,93,95
14,17,19,23,33,34,49,51,55,69,70,72,76,83,88,89
7,15,18,25,31,35,46,47,48,50,62,67,69,85,87,89
0,11,14,19,25,29,36,40,41,42,48,69,72,80,86,87,89
12,13,17,33,47,63,67,72,78,87
3,11,13,26,36,38,47,48,51,63,66,74,78,83,87,91
7,8,29,36,61,63,81,90,92,97
3,7,8,12,29,36,38,39,49,51,53,60,61,67,69,71,80,85
3,8,15,43,48,63,78,87
12,14,48,63,66,70,71,74,76,87
4,8,29,47,60,63,67,83,85,87,91
3,7,28,36,38,51,60,62,63,69,83,86,93,97
3,9,29,61,63,80,81,92
0,9,29,40,43,80
17,21,26,33,35,38,40,54,60,63,67,69,71,87,89,94
10,35,36,87,91
3,5,23,25,36,38,40,49,63,68,69,71,72,79,85,95
3,9,17,26,38,42,61,63,69,74,81
21,29,33,39,62,71
0,3,6,10,17,26,28,38,39,59,63,69,85
8,10,15,23,35,38,62,63,72,75,78,87,92,99
10,21,26,33,34,36,38,39,42,48,61,62,63,69,70,80,83,87,96
10,17,21,25,35,40,48,52,60,61,63,71
3,8,20,33,42,48,61,62,63,66,69,74,80,81,85,87,95,99
9,14,17,23,28,29,36,40,42,47,50,59,74,81,85,86
7,9,10,18,25,34,41,47,50,55,57,61,62,86,87,97
8,11,16,36,38,62,63,70,73,81,86,87
8,18,23,25,26,29,34,43,48,69,73,81,89
10,60,68,89,98
10,14,28,38,51,62,63,71,74,80,81,86,93
3,4,5,9,14,20,36,38,39,40,43,45,47,49,52,55,63,67,69,78,85,87,93,94
3,9,27,36,51,55,57,61,62,63,69,87,90
3,5,9,17,25,38,43,53,55,63,69,78,87
8,39,41,48,49,52,60,61,73,80,81
6,23,34,38,57,62,63,69,81
0,11,36,38,39,42,63,68,69,72,76,80,81,86
8,11,28,29,36,38,46,51,59,63,73,78,83,87,93
3,8,13,15,28,36,50,51,62,69,78,81,93,95
8,17,29,35,45,63,66,71,73,81,83,85
4,25,33,34,45,52,53,63,69,76,95
3,8,15,28,69,85,95
3,8,11,17,21,36,40,45,46,48,69,88,89,93,94,98,99
22,23,28,33,35,38,47,62,63,69,80,95
6,8,17,19,28,36,38,63,67,80,81,83
3,9,13,17,21,27,34,43,48,51,69,73,74,81,84,86,87,89,95,99
0,4,10,11,16,17,18,28,34,35,38,43,52,60,63,69,71,73,81,85,87,89,97
3,11,14,23,25,33,51,62,63,68,75,76,83,85,87,93
3,9,11,14,30,35,46,47,52,63,67,73,77,93
11,25,29,33,36,55,72,73,78,89
0,8,17,18,23,28,36,42,43,45,46,47,48,51,62,63,66,69,71,75,81,85,87,97
9,33,36,42,47,80,93
8,9,13,17,21,24,40,51,63,73,74,83,87,97
8,29,47,49,55,69,71,76,80,81,85
23,24,25,38,42,43,55,59,73,74,81,83,85,87,99
8,9,11,12,28,33,35,36,52,63,69,73,81
3,9,13,28,33,38,63,71,73,80
2,3,7,9,19,21,25,28,36,38,57,61,63,69,73,81,83,85,95,97,98
5,9,13,17,21,61,62,63,68,85,97
8,11,27,28,36,39,49,52,63,68,69,72,85,86,92
6,36,41,45,73,83,85,87,90
0,8,22,39,48,52,80
9,38,62,71,85,87,89,99
8,17,28,62,63,69,72,80,87,93,94
11,17,26,28,36,38,42,52,59,63,70,76,81,83,86,93
0,14,17,18,27,28,51,52,59,63,69,72,75,87,89,93
5,6,23,41,57,61,62,63,69,80,83,85,87,90
35,40,43,45,48,63,68,69,75,87
5,28,46,48,54,55,60,71,85,87
11,38,43,51,61,63,67,69,95
9,14,38,66,72,83
4,9,14,18,25,28,36,38,48,51,62,63,67,72
8,9,10,11,23,24,26,27,39,47,49,52,60,62,63,66,69,71,74,79,85,90
5,8,9,11,29,36,53,73,81,87,93,98
35,38,44,63,67,69,71,87,88
4,7,14,17,18,23,28,36,38,41,48,51,63,69,71,72,76,81,83,84,89,93
8,12,15,25,39,67,69,81,83
7,8,23,28,36,38,39,42,45,48,57,63,80,85,95,97
3,4,8,10,23,48,60,62,63,67,71,73,98
3,8,11,12,14,29,36,40,43,57,63,69,83,86,87,97,98
7,17,36,38,62,69,70,80,83,87,90
1,5,10,14,17,18,36,39,43,44,47,48,51,55,67,69,73,76,83,89,93,95
14,16,21,24,35,36,40,43,52,60,62,66,73,81,85,87,94
8,10,17,21,24,36,38,47,48,62,63,66,67,71,87,89,96
0,6,8,19,21,25,35,38,40,42,67,69,71,74,78,81,94,95
5,11,14,18,33,38,69,73,80,83,95
9,18,21,34,35,36,38,42,43,49,52,62,70,71,78,87,92
0,8,11,14,17,29,36,38,48,51,61,62,72,73
8,16,48,61,66,69,71,73,81,85
4,8,28,36,40,49,62,63,66,86,90,97
9,12,21,22,23,28,34,38,48,50,51,53,61,62,69,73,81,85,86
6,13,23,38,48,62,72,86
3,7,8,10,11,17,24,31,34,38,40,43,46,48,61,63,67,69,71,85,87,93,97
8,12,16,17,22,39,40,48,50,52,63,66,70
5,9,13,15,38,39,42,47,48,49,60,63,66,67,68,78,89,92
4,11,24,33,34,40,43,46,49,66,67,69,73,83,87
8,14,17,18,21,23,28,33,38,40,47,51,52,61,63,74,80,93
6,10,17,33,34,38,63,69,81,84,87
9,10,17,18,24,25,36,41,42,47,55,57,87,89
9,20,21,22,35,38,43,71,81,85,96
7,13,16,18,27,36,39,47,48,50,51,53,61,66,74,78,89,93,97
14,20,21,22,24,26,27,29,33,38,49,50,53,55,61,62,63,69,81,89
3,8,17,19,23,29,33,36,41,50,62,63,67,69,72,73,87,93
3,17,28,47,52,62,63,74,78,81
7,9,11,38,39,40,43,51,52,62,72,75,79,80,85,87,89,97,99
12,14,17,22,47,48,63,81,86,87
0,11,14,18,19,28,29,36,38,43,48,51,53,62,72,73,81,87,89,93,97
3,11,18,33,38,40,41,63,68,73,81,90,93,97
0,7,10,23,35,39,47,48,61,69,71,78,81,85,93,99
3,11,23,28,29,34,36,43,60,61,62,63,72,75,79,88,89
9,23,28,36,42,43,50,54,57,61,78,87,93
11,80,83,93,97
3,13,18,27,29,36,38,40,42,48,51,52,56,74,78,79,89
8,11,17,23,34,42,49,52,59,61,63,73,74,80,81,87
0,6,8,21,28,33,36,38,47,51,60,61,62,63,65,66,68,73,85,95,97
3,8,9,10,11,14,16,18,29,31,36,38,39,45,47,52,55,62,69,71,76,86,87
4,8,11,24,25,43,45,53,60,63,72,74,80,89,95,97,98
10,17,38,71,80,95
8,17,24,40,52,67,72,81,87,89,95,97
33,34,36,43,47,48,53,59,63,69,70,76,80,90,91,95
12,14,17,29,55,63,67,87,92
4,8,11,13,14,17,27,29,43,47,48,49,50,83,93,95
7,11,14,16,18,28,34,36,38,46,61,67,72,79,80
8,12,17,28,36,38,50,55,71,81,86,87,92
28,36,38,39,43,48,63,67,71,78,83,86
3,6,11,12,13,14,21,29,34,47,53,55,61,62,63,69,80,83,86
14,21,36,39,48,61,63,66,81,94,97
3,7,9,34,36,43,47,57,67,69,72,74,78,83,85,86,87,93
9,26,28,38,47,51,53,61,62,66,67,69,85,86,87
0,7,9,10,22,39,47,50,62,67,69,72,76,85
5,6,9,11,21,28,36,39,41,47,49,62,63,67,69,80,83,86,87
6,8,9,14,17,23,33,38,39,47,48,62,63,71,72,83,87,93,98
11,14,20,26,28,29,31,35,36,39,40,43,50,52,61,63,80,83,87,88,91
6,7,8,9,11,14,18,23,29,49,52,53,61,68,69,73,78,87,96
3,5,36,39,63,69,72,81
8,14,18,21,34,39,40,43,47,55,63,66,67,72,73,74,78,80,87,89
5,27,28,29,41,43,47,52,63,69,73,85,87,98
3,13,15,33,36,47,51,57,62,63,74,78,83,93
5,8,17,21,26,28,33,40,74,81,87
7,11,13,20,33,39,48,53,62,66,81,87
11,12,23,36,38,48,63,68,71,72,74,85,93,97
3,4,9,11,14,28,36,38,43,47,48,51,53,62,63,68,72,74,83,87,89
9,23,24,36,39,40,41,51,52,66,69,72,73,80,86,87,89
3,8,14,27,29,36,38,40,46,63,68,69,78,80,87,89,95
3,5,8,29,31,34,38,53,55,57,66,81,93
3,5,8,9,38,43,48,61,67,69,78,80
8,14,23,33,35,36,38,44,45,51,52,60,68,81
6,8,11,14,21,28,34,35,43,59,61,63,66,69,78,80,85,87,95
7,10,11,12,13,17,23,32,36,38,43,47,60,61,62,67,69,73,80,86,87,92,97
9,11,15,25,28,34,38,39,40,48,60,69,71,72,85,87,89
9,21,23,28,38,40,43,47,52,63,69,71,72,81,87,88
9,17,26,33,38,40,42,47,48,51,62,69,74,84,87,89,95
6,7,11,18,21,28,36,38,41,43,62,66,69,75,85,87,94
4,9,19,21,38,47,51,63,86,87,90
3,11,14,17,18,21,35,42,61,69,73,87,95
9,10,14,17,23,25,38,45,51,54,61,62,69,71,73,87,93,97
7,8,11,39,42,45,59,60,63,73,78,85
11,14,17,19,23,28,31,36,38,39,40,42,47,62,63,73,74,80,81,87,88,93,95
8,14,23,28,36,38,42,43,45,48,55,63,69,85,95,97
4,6,9,14,26,38,39,48,52,55,63,66,69,78,87
0,5,7,8,25,28,36,38,47,48,51,63,67,69,73,74,78,80,81,85,86,87,99
9,14,17,38,48,60,63,80,83,84,93
3,4,7,8,9,11,12,23,29,34,36,38,39,43,47,51,56,63,68,69,71,73,78,87,89
0,17,25,35,36,60,62,78,80,87,91
8,9,16,24,25,35,36,40,43,47,67,70,81,83,89,93,97
17,21,47,51,52,69,71,72,80,83,93
3,8,9,11,12,17,21,22,28,34,39,40,42,61,63,68,73,76,78,81,87,98
0,6,8,26,28,30,36,39,43,47,51,52,54,61,62,66,69,71,80,81,85,86,87
11,12,17,18,24,26,28,39,40,47,48,50,69,70,85,89
3,8,12,14,17,21,28,38,43,53,60,92,96
6,8,17,23,25,28,33,36,39,47,48,51,57,66,69,71,78,80,85,89,97,99
3,8,17,38,54,62,66,69,70,86,87,90,96
3,8,11,13,14,22,23,26,40,43,47,72,85,86,89,90
5,9,29,34,43,59,63,69,72,73,80,81,85,87
8,10,29,33,38,68,69,70,85,89,93
0,4,17,26,28,29,33,38,48,63,71,85,86,89,95
0,5,6,7,8,11,13,14,17,29,34,39,42,47,48,49,61,62,63,67,72,76,78,83,85,87,93,94,95,98
7,8,11,12,18,19,21,22,25,28,38,39,40,63,72,86,87,93
5,7,15,28,35,41,43,76,83
3,5,25,42,43,62,71,77
3,7,8,18,28,36,38,49,51,55,61,62,63,66,72,81,87
22,23,28,36,38,51,57,63,67,69,73,85,89
10,11,31,35,47,48,52,63,67,81,86
6,8,36,40,48,62,63,69,72,83,87,89,90,94
3,17,69,72,85,87
0,6,12,31,38,39,41,42,48,49,50,60,87
5,13,21,26,29,35,38,40,61,63,69,80,81,86,90
23,38,48,49,62,70,73,81,85,87,97
9,14,27,35,36,38,43,47,48,49,61,67,69,70,87,89,90,93
7,14,16,19,34,39,41,57,69,85,87,88,93,97
7,9,11,29,42,47,61,66,68,76,80,85,87
3,6,8,11,18,20,21,28,49,63,71,85,87,92
8,36,38,39,40,47,50,51,52,61,63,67,78,83,87
3,10,28,36,42,46,49,53,81,83,87
14,40,47,63,66,70,81,85
9,23,38,47,70,80,85
3,28,36,40,47,64,67,69,78,83,97
3,8,10,12,14,28,34,36,38,51,62,63,69,71,74,75,83,87,88,97
8,21,30,38,40,43,47,63,66,68,89,95
9,11,14,23,24,25,43,53,87,93,97,99
6,8,9,11,39,47,48,62,63,67,80,83,86,87
0,5,14,28,35,36,38,40,41,48,55,62,67,69,70,73,83,87
3,11,23,26,36,39,48,57,63,76,87,95
0,7,11,14,19,21,28,35,38,47,48,57,62,63,66,69,78,92
8,9,11,28,36,48,61,63,70,71,79,80,87,92
0,4,8,11,13,17,18,20,28,36,38,51,61,62,63,66,69,71,83,87,89,90
1,3,8,21,28,38,40,43,48,59,61,63,69,79,85,89,93,98
14,22,39,62,66,67,81,89,93
1,3,7,13,21,24,38,41,47,50,53,63,69,75,80,81,86
3,7,29,38,42,60,61,62,63,69,73,81,85,88
0,14,15,21,29,33,38,40,43,61,62,69,78,89,95
3,11,31,87,93,97
9,12,24,26,28,43,53,61,69,71,78,83,87
7,11,13,17,26,33,36,39,46,53,62,63,78,80,81,83,85
5,10,14,17,38,43,60,61,62,63,68,69,72,73,80,86,87,96
3,16,25,36,42,43,47,52,53,59,63,83,93
13,23,29,34,38,50,51,53,61,67,70,78,81,90,93
7,8,9,14,18,23,25,26,28,29,34,38,47,48,52,63,68,69,80,83,93
1,3,28,33,41,69,85,86,90,95
17,24,28,35,38,39,93
9,11,15,36,38,70,72,74,80,83,89
0,3,7,11,16,18,28,31,32,38,43,45,61,62,63,66,70,73,78,80,81,86,87,97
8,28,29,38,49,68,69,73,87,90,97
8,21,25,35,36,38,45,48,52
9,14,21,29,39,42,43,49,61,67,69,70,71,78,80,81,93
5,9,23,26,34,39,43,45,48,55,68,73
3,4,7,8,9,16,17,19,31,33,34,35,48,55,60,62,72,80,83,85,87
7,8,13,19,28,38,40,43,48,63,67,72,73,81,87,94,95
4,10,14,18,40,43,45,48,49,61,62,63,73,78,83
6,8,24,29,32,34,35,36,40,41,47,62,63,66,69,71,76,81,87,89,95
7,8,9,24,28,38,41,47,48,52,53,63,68,72,80,87
0,4,8,26,28,29,39,47,48,63,69,71,81,86,87,90
3,17,24,28,34,36,38,42,48,54,60,63,64,70,76,83,87,97
3,6,7,9,17,36,38,40,42,47,72,80,83,85,95,96
3,11,12,13,17,19,21,23,28,36,38,40,43,49,51,61,62,63,72,86,90,94
28,29,35,38,39,40,60,63,78,87,93
0,3,23,36,39,40,52,63,85,87
7,17,39,43,45,60,63,68,81,85,89
20,21,23,28,33,36,43,48,61,63,67,83,89,95
5,6,10,28,39,48,59,61,63,67,69,71,80,81,83
9,11,28,29,38,39,42,43,47,48,51,57,61,87,91
3,10,19,38,40,42,63,66,72,74,80,85,87,88,93,95
11,18,21,23,26,38,42,47,50,59,71,74,87
4,8,13,22,23,25,28,40,51,55,59,61,69,74,76,86,89
9,19,35,36,38,39,40,43,48,51,63,67,69,70,72,73,78,86,87
7,8,25,28,35,36,38,43,48,50,51,61,63,67,69,70,71,73,74,75,80,87,88
4,8,15,24,28,29,31,35,38,48,61,63,67,69,71,83,97,98
0,3,12,21,23,28,36,38,47,48,65,69,71,72,87,89,93
5,8,16,23,38,53,61,68,75,76,85,87,93
4,9,12,21,25,29,31,36,38,42,43,48,49,55,69,71,80,81,87
8,13,14,23,24,26,28,40,43,57,83,86
7,8,9,26,38,43,59,68,69,72,73,75,80,86,98
3,17,28,36,40,48,49,62,69,87,93
14,38,39,47,52,57,62,63,85,86,87
8,10,13,15,18,23,31,38,43,48,66,86,87,89
11,15,23,29,31,36,46,48,52,59,61,69,78,85,93
0,3,26,34,35,38,47,55,63,69,95
14,18,22,23,28,33,36,38,48,51,52,63,69,78,81,83,86,90,92,93
8,10,13,14,17,21,22,26,33,36,43,52,60,61,68,71,72,78,86,88,93,97
12,13,16,39,40,43,47,48,50,63,71,72,73,87
3,7,8,9,20,23,40,52,61,62,63,64,80,83,87,90,95
5,11,22,28,36,39,62,63,66,69,72,83,85,86,89
3,9,26,33,38,42,52,61,62,63,69,78,80,88
3,8,11,14,38,53,61,62,67,87,93,95
6,16,29,32,33,35,38,39,62,63,69,78
8,22,36,48,59,63,69,72,78,86,87,90
4,10,15,17,35,38,40,43,48,63,70,73,86
8,16,38,39,48,70,73,81,83,86,87
3,9,11,12,20,22,26,47,60,63,71,72,85
7,17,28,38,55,61,68,72,78,85,97
9,14,31,43,74,76,78,86,87,89
7,17,19,28,36,38,39,42,43,48,49,51,53,57,63,69,71,80,87,98
3,9,36,38,40,43,51,52,69,75,80,83,85,88,89
0,6,7,12,29,35,43,51,66,73,83,87,95
3,4,8,11,12,17,23,28,34,45,50,51,52,60,63,74,86,87,89,92,93,95
3,7,11,14,26,28,61,70,72,83,85,89,99
8,14,21,33,38,43,48,51,69,73,80,86,87,94,95
14,39,69,80,81,86,93
3,14,61,73,79,84,96
3,6,7,11,26,28,29,36,38,39,45,48,51,52,55,62,69,70,72,86,87,94
14,17,23,29,36,38,63,67,69,80
6,9,12,21,34,38,62,66,67,69,70,76,81,87,93
13,19,35,36,42,63,69,86,87
43,47,63,68,69,74,99
13,16,46,47,52,57,63,67,77,81,83
3,19,38,61,69,89,97
3,21,34,39,40,43,48,60,69,72,80,87,88,89
0,3,14,23,29,32,41,48,49,55,61,63,73,88,92
28,29,35,38,41,43,48,49,62,63,69,70,73,78,80,83,86,87,90,97
3,11,14,16,31,34,35,38,39,43,52,67,83,87,93
8,15,18,35,46,49,50,85,87
3,9,10,11,12,23,28,38,50,51,56,63,64,66,67,69,78,83,86
34,36,42,45,52,57,61,63,69,70,71,72,77,78,81
9,14,28,39,47,62,63,67,80,85,89
3,13,33,38,39,53,71,87
0,4,12,16,34,48,53,61,72,87
4,5,8,17,21,24,28,35,38,39,40,43,48,51,59,60,67,68,69,71,78,80,83,85,93,96
8,9,17,19,28,31,33,35,39,43,51,52,63,68,85,86
3,8,9,17,28,31,38,39,46,48,51,53,63,71,83,85
9,13,20,23,25,26,33,35,36,38,48,50,53,61,63,67,72,79,85,87,97
3,11,26,29,36,47,48,63,72,95
4,8,11,12,13,17,26,35,59,63,72,78,79,93
11,28,33,36,39,40,43,47,57,60,63,69,74,83,85,87
8,9,17,19,28,38,47,48,52,62,68,72,73,87,89,91,95
3,14,36,38,39,52,57,62,69,81,85,97
9,11,14,17,47,63,73,74,97
0,9,14,22,28,36,43,48,53,59,61,63,86,87,95,96
11,12,17,38,47,53,57,63,73,76
3,8,23,25,29,36,38,45,48,50,63,69,78,80,85,87,96
14,19,33,38,50,69,71,76,78,80,81,86,89
8,12,17,26,35,36,38,43,63,69,73,78,81,83,89
4,9,26,29,35,38,39,61,62,63,69,80,83,85,86
7,28,48,61,63,69,71,74,78
8,23,34,38,43,48,49,50,55,76,87,91,98
14,21,35,39,52,53,63,74,80,85,95
3,8,19,20,24,36,47,53,57,63,67,68,69,74,80,87,89,95,98
4,5,7,8,11,16,17,24,36,38,55,61,66,67,68,70,78,80,85,87,94
0,8,11,16,23,26,28,29,33,34,38,40,52,59,70,73,78,80,81,83,89
5,14,17,25,38,39,42,63,69,71,83,93,95
9,28,31,34,36,52,67,69,70,83,86,90,96
9,14,28,36,38,62,67,69,78,81,85,86,89,99
15,47,85
5,28,39,42,44,55,69
21,36,39,48,68,71,78,80,81,83,90
8,9,10,13,14,21,22,23,24,36,38,45,62,63,69,78,87,90,98
3,11,28,33,38,39,47,48,49,50,53,62,63,67,70,71,76,78,80,87
5,8,12,19,22,29,35,39,41,48,63,67,78,80,83
8,14,19,28,38,50,68,80,83,85,86,88,93
0,8,10,20,26,33,63,69,70,71,82,87,89,97
3,5,14,17,23,34,39,51,64,66,71,73,74,76,80,85,87,89,91,97
3,8,9,12,24,26,27,29,35,36,38,39,40,41,52,61,69,70,72,85,90,92
1,6,8,11,14,17,29,40,45,63,67,70,71,83,87,89
6,11,14,26,36,73,80,87,93,97,99
4,9,10,11,17,42,48,51,61,63,68,71,80,85,87,92
5,9,16,28,34,38,44,48,49,51,61,63,83
3,6,33,39,43,47,48,49,50,62,63,76,85,86
3,5,10,25,38,40,48,52,57,68,69,70,74,78,80,83,87
29,38,40,42,46,47,50,59,62,63,69,78,89
9,10,12,24,29,35,38,46,69,85,86,88,89,93,97
3,23,40,44,47,61,73,85,87
11,17,21,28,38,40,47,50,57,63,74,78,81,83,88,90,93,97,98
0,13,17,36,42,47,54,68,72,75,81,87,97
3,7,8,9,10,17,26,53,57,63,75,98
3,9,25,47,78,87,90
3,8,22,26,28,29,33,36,40,41,47,52,63,69,70,78,80,87
0,3,11,16,18,21,28,31,38,43,49,51,59,60,63,73,85,93,97
3,8,11,12,15,18,34,38,40,49,63,69,83,95,97
0,3,8,9,11,12,14,17,18,25,28,29,36,47,62,63,72,78,83,85,87,95
8,13,29,33,36,38,42,45,47,48,49,51,67,83,85,93
3,11,12,17,21,36,38,39,45,48,60,68,69,70,73,85,87,92
9,14,22,38,42,47,48,50,52,60,62,73,85,87,88,89,97
4,9,11,13,28,29,38,40,41,46,52,53,61,67,70,71,87,93
38,39,52,62,67,93,95
8,18,19,28,35,36,38,40,45,67,80,85,87
7,9,15,17,28,33,38,48,67,69,80,83,87,94
0,6,7,11,13,16,23,28,29,33,36,38,40,48,57,61,72,78,81,85,86,89,95
7,14,37,45,47,48,67,86,95
5,8,29,38,45,47,56,63,68,71,81,91,95
5,12,14,23,33,35,43,52,62,66,67,69,76,81,83,86,89
7,11,18,21,25,36,51,67,69,76,87
4,16,17,21,28,31,33,38,48,63,87
0,3,5,8,9,14,17,38,40,45,47,48,69,71,74,78,80,85,86,87,96,97
3,8,12,33,36,50,63,73,81,89
8,11,17,18,35,36,47,48,61,62,63,67,69,70,72,76,81,85
3,8,9,12,22,25,34,49,60,63,69,73,78,87
3,8,14,17,23,29,38,39,48,49,59,63,69,83,87
8,18,19,23,26,29,36,38,42,47,48,49,68,69,72,73,78,83,86,87,89
18,23,35,42,43,47,63,66,79,83,86,89
0,11,17,38,42,51
3,7,14,17,35,38,47,67,69,70,71
12,17,18,33,35,36,42,47,57,63,77,81,87
3,17,19,28,29,31,39,41,47,48,50,55,60,62,74,78,83,86
12,13,21,23,29,36,48,51,53,57,61,70,80,83,85,87,89,95
34,35,38,39,40,42,43,67,68,69,71,78,83,85,86,87,88
5,10,26,38,39,42,46,48,87,97
6,9,11,17,21,29,36,38,39,43,47,48,51,61,63,69,76,81,87,92
0,7,36,39,60,61,63,68,73,86,87,91
8,9,11,28,31,39,43,48,53,63,68,69,76,78,81,85,86,87,88,89,95
3,17,21,28,33,38,40,43,48,52,88
9,12,41,48,52,57,63,69,71,73,81,83
0,3,5,11,18,21,28,40,42,51,53,63,69,70,71,78,79,83,90,93
0,5,24,35,38,71,87
12,17,28,40,55,85,93
5,6,17,25,27,29,33,36,40,42,50,63,68,81,87,92
19,21,28,31,36,38,51,63,69,72,95
11,14,28,29,38,48,53,55,69,72,73,81,85,93
8,28,35,48,63,68,69,81,83,95
7,11,17,18,23,36,38,48,50,60,63,67,69,70,78,80,85,87
3,22,48,50,53,61,67,68,71,76,78,80,86,87,88,89,93,95,99
23,28,38,43,45,48,51,60,61,62,68,81,94
8,20,21,26,29,33,35,43,48,52,61,68,69,76,81,83,87,90,94
0,3,4,6,9,13,34,40,63,67,80,85,93,96
0,25,31,34,50,59,66,69,80
3,4,5,8,23,28,35,61,63,69,71,80,87,88
3,6,7,19,22,38,39,42,48,51,66,67,68,69,87,88,89,91
9,12,14,17,19,33,36,42,51,55,61,63,69,70,72,87,88,89,93,94,96
4,9,11,13,18,20,28,38,52,61,66,71,89
3,10,19,21,31,36,38,48,49,59,85,91,93
14,17,22,23,39,41,43,48,54,57,61,72,73,74,83,85,87,89,95
7,8,17,24,26,35,38,43,50,63,69,78,86,87,88,97
5,10,23,27,39,44,48,61,62,69,71,73,78,83,87
6,17,28,29,31,35,36,39,42,57,61,67,74,76,81,86,93,97
38,52,53,67,69,71,80,86,87
0,8,9,17,18,23,28,36,40,42,45,48,60,62,63,68,76,83,85,92,97
3,23,35,36,60,63,81,83,87,89
3,5,10,14,21,62,69,71,73,74,85,86,87,93
9,26,36,38,42,61,63,69,73,81,86,89
8,14,25,36,50,55,67,69,97,99
6,7,9,11,17,22,23,34,36,38,41,43,48,62,69,87,90,92,95
5,6,7,11,27,52,63,67,70,85,87,95
8,11,23,25,36,38,39,48,53,63,69,70,73,81,86,87
3,29,39,41,47,48,62,81,83,86,93
4,17,18,29,36,39,66,87
0,3,8,11,19,21,25,29,36,44,48,51,63,71,85,93,97
5,17,38,43,48,69,89,93,95,96,97
0,6,8,12,36,38,39,41,43,49,69,74,80,81,83,85,90
0,21,26,39
1,11,13,14,24,29,36,40,62,69,74,78,80,81,83,87
13,14,21,28,40,68,69,73,80,81,85,87,97
3,6,9,11,14,17,33,35,38,39,48,62,63,69,70,72,73,80,86,87,93
8,9,11,12,13,17,18,22,28,36,38,54,61,62,68,69,74,80,86,87,98
9,10,17,21,28,35,40,48,85,95
10,12,14,29,36,39,40,43,48,57,59,66,73,85,87
5,8,29,35,38,43,61,68,93,97
83
3,5,8,12,28,29,41,62,67,69,75,76,89,93
3,4,22,40,41,44,46,61,87,99
0,5,12,13,17,18,20,28,38,48,52,57,62,63,66,67,69,70,73,76,85,93,98
8,11,12,13,14,33,35,36,40,48,51,63,67,69,83,91
3,9,14,16,27,28,33,36,38,47,49,51,62,63,66,67,69,80,81,93,97,99
3,9,12,17,21,34,36,40,46,48,53,62,63,69,83,98
7,16,21,29,33,43,51,62,63,72,80,96
11,14,34,38,42,63,69,73,87
51,61,62,69,87,88,93
0,17,21,35,38,46,48,67,69,71,74,78,80,87
5,14,23,26,38,40,48,49,53,60,68,69,71,78,89,93
14,24,38,46,47,81,87
3,5,40,48,52,61,74,78
0,8,9,13,17,23,28,36,38,40,69,71,78,80
0,3,6,21,23,24,40,41,52,55,63,67,68,73,87,94
8,10,11,12,25,26,28,29,33,47,48,63,67,69,72,73,85,87,89,93
0,3,11,20,21,26,33,36,42,43,49,50,51,52,55,57,63,69,74,88
14,26,31,34,36,49,67,69,70,89,96
3,6,17,19,23,25,26,33,34,36,38,42,48,49,65,67,75,80,87
3,7,17,19,23,28,36,38,61,63,69,72,74,81,83,87,88,97,99
11,14,20,23,29,31,36,38,39,49,51,55,71,73,80,81,87,92
3,8,29,36,48,83,86,87
5,8,10,11,13,14,16,17,23,29,34,38,39,46,47,48,52,61,62,63,69,78,81,87,89,91,93
3,9,28,29,39,40,47,48,51,52,54,59,61,62,83
4,7,10,28,29,34,36,38,40,47,60,62,68,72,80,81,87,88,89,91,98
17,36,39,48,51,63,66,69,72,76,83,84,93
5,18,26,28,29,35,36,38,39,47,48,69,74,87
10,13,14,17,29,38,39,40,48,63,69,71,72,78,83,87,92,96
7,8,18,19,35,48,49,52,53,57,61,63,69,73
8,9,14,18,36,38,46,63,68,69,74,78
0,25,31,38,40,48,49,61,72,76,81,87,89,90,91
10,11,12,29,33,36,43,49,60,63,80,81,85,88,95
6,8,11,28,29,52,62,68,69,72,73,85,86,88,89
6,10,13,14,18,25,27,29,38,40,47,52,62,63,71,72,74,78,79,89
8,10,17,36,40,43,48,63,67,69,77,85,87,97
8,11,14,19,46,47,63,68,73,83,86,89,93
11,18,22,24,28,36,38,40,47,48,62,63,71,73,80,93,97
17,28,44,47,48,67,71,72,75
0,8,10,17,29,38,39,43,63,69,73,76,79,80,83,85,86,89,97
0,3,8,9,14,17,38,51,60,62,63,67,72,76,78,93,97
3,14,39,43,50,62,71
3,4,8,11,13,23,29,33,34,38,71,85,97
9,11,17,28,29,34,36,38,39,42,61,63,80,86,87,93,95
17,38,39,40,43,48,62,63,66,69,71,78,81,87,91
9,11,12,17,19,23,26,34,35,36,52,61,62,63,69,86,87,99
0,8,11,13,14,21,24,28,38,43,53,57,63,71,72,78,87,96
8,10,11,28,38,51,63,71,76,78,90,93
11,28,29,34,36,41,60,63,66,69,80,83,87,93
3,4,8,33,38,40,41,47,78,83,85,89
1,8,18,21,29,35,38,40,43,44,47,48,50,52,55,66,70,83,87,93
29,38,39,48,63,69,76,83,93
3,11,33,34,38,46,87,93
8,35,36,38,39,45,48,51,62,67,81,91
0,3,7,13,38,72,90
5,12,14,23,35,47,52,69,74,80,81,86,89,93
3,6,25,29,34,36,38,39,47,48,72
3,5,17,23,26,29,35,36,38,45,65,66,68,78,81,87
0,35,38,39,41,62,74,83,85,87,89,94
11,38,40,63
0,11,12,14,17,28,35,36,38,39,47,48,53,70,80,85,87
3,8,9,17,20,28,39,48,49,51,53,63,67,69,71,72,93,99
8,11,23,36,38,51,57,63,67,69,73,89
3,8,11,17,21,22,36,38,40,47,62,63,67,72,86,87,91
7,14,28,43,45,52,66,78,86,87,95
7,8,9,11,17,23,28,33,36,38,40,45,51,53,71,72,76,81,83,87
11,14,29,35,36,39,41,47,52,61,63,72,73,78,87,95
3,8,29,38,48,53,61,63,68,74,81,85,86,93,95
17,24,26,28,29,35,39,43,45,67,69,71,81,86,88
9,14,16,23,33,43,48,61,69,73,80,85,96
3,4,13,28,38,47,53,61,62,63,71,78,80,87,88,89,95,97,98
6,8,11,26,31,39,43,47,48,53,62,69,70,72,76,78,81,87,88,95
3,5,11,13,19,24,35,36,38,39,40,47,57,61,62,63,70,80,87,95
0,11,17,18,35,36,48,51,52,61,63,69,70,71,73,74,75,78,80,87
9,17,23,36,38,41,55,71,72,83
0,17,25,28,39,55,62,70,71,72,80,81,86,87,90
0,3,10,11,17,40,43,48,52,71,72,77,85,97
10,14,17,24,28,31,33,35,36,43,48,52,60,69,86,88,91,95,97
0,8,12,36,47,50,51,68,85,87
3,5,8,9,17,26,28,30,31,36,38,39,42,46,49,59,61,62,63,66,67,69,76,86,87
0,4,8,9,10,13,26,40,42,45,63,69,71,80,83,85,87,89,97
9,18,28,38,43,51,57,61,69,74,81
3,7,9,12,17,40,43,47,48,49,55,61,67,69,93
3,8,9,12,19,25,48,51,63,66,69,80,86,90,92
3,8,14,21,31,38,43,61,63,69,71,72,78,89
7,9,11,17,28,36,40,46,72,78
3,14,18,28,29,33,36,38,41,48,51,62,67,69,70,71,72,83,87,89
9,12,17,33,36,60,73,80,81,89,92,94
8,9,11,12,28,34,38,39,40,61,63,67,68,69,72
3,4,17,18,40,43,45,47,49,52,66,69,86,89,97
11,12,28,36,39,51,69,72,86
15,28,61,63,72,74,87,93
14,17,21,22,28,31,33,35,38,39,48,57,62,63,67,71,72,83,87,89,91
6,7,39,47,53,54,62,66,67,81,86,87,93,95
3,5,7,8,9,14,26,29,35,41,47,50,62,69,85,86,87,93,97
3,9,11,17,21,36,47,48,49,61,62,65,69,80,85,86,87
9,11,19,47,53,63,81
14,17,18,28,36,38,63,87
5,8,23,25,38,40,48,49,51,62,66,67,69,72,80,81,87,92
7,10,11,17,25,28,33,36,38,45,48,51,66,71,72,81,83,91,99
7,11,24,27,38,48,51,52,53,61,62,63,66,68,78,79,83,86,89,93
5,7,14,18,19,33,36,47,63,66,67,71,73,81,86
7,8,29,38,39,67,68,87,95
10,13,17,18,19,26,29,35,39,50,57,61,73,95
8,9,11,20,25,27,33,38,39,50,68,74,78,86,90,91
0,7,9,13,17,22,40,51,62,63,71,74,87,93,97
0,9,12,15,19,23,28,36,38,63,72,81,87,88,89,99
36,39,63,67,71,78
3,11,21,31,36,38,51,52,62,69,71,74,81,85,97
5,7,16,28,33,38,40,43,44,47,48,55,63,69,72,75,80,81,83,87,93
3,8,11,21,38,40,49,51,71,89
3,6,7,10,11,12,29,39,40,47,48,50,51,53,61,68,73,76,83,85,87,89,93
3,11,17,24,28,41,43,61,62,69,80,87,95
3,4,7,8,9,11,14,17,28,31,35,38,39,43,45,47,48,53,62,63,69,71,76,78,80,85,87,95,97
8,11,38,39,49,50,51,68,69,73,78,81,86
8,21,23,33,40,43,47,48,51,63,69,80,81,83,87
0,3,4,17,28,38,41,57,62,63,69,73,76,94,95,99
14,17,25,39,57,60,61,63,92
11,12,14,25,34,39,48,50,51,61,72,73,86,87,89,97
8,17,28,36,39,40,47,50,62,63,66,68,81,91
14,22,29,39,45,48,51,67,69,72,86,93
3,8,9,12,28,29,36,38,41,47,48,49,61,63,69,72,83,87,93
3,12,15,17,35,47,48,52,55,57,61
16,18,26,29,38,39,42,47,48,50,55,61,66,71,86
3,7,12,17,21,34,38,39,50,69
8,16,18,19,51,53,61,81,87
6,11,19,25,36,39,42,43,47,55,63,69,70,81,83,85,87,89,94,98
9,19,22,42,43,46,47,69,70,83,85,88,89
3,14,38,46,67,77,81,85,95
7,17,35,43,63,66,86,87,93,95
8,12,21,30,34,35,38,49,51,53,59,62,68,71,78,85,89,92
7,17,18,28,34,36,38,60,63,83,87,96,97
15,17,18,28,40,55,61,62,72,81,87,90
8,20,21,26,28,29,38,40,51,72,74,94
0,4,11,16,20,26,36,38,41,45,63,67,80,81,86
0,3,5,14,23,28,32,41,48,61,73,88,95
3,8,9,11,17,24,36,48,50,52,62,63,69,74,86,87,93,97
3,7,20,29,36,38,40,43,46,48,53,57,69,78,83,85,87,96,98
8,21,28,34,36,66,72,86
7,8,17,35,38,45,57,63,77,81,87
0,3,7,8,16,29,33,38,39,40,48,60,63,67,68,69,72,74,80,85,87,89,93,97
1,8,9,10,13,15,17,18,25,38,39,41,43,50,57,63,66,69,70,73,87,93,97
0,10,11,13,14,35,40,47,63,74,89
3,5,13,24,25,28,38,61,63,69,72,76,78,83,86,87
5,6,9,29,33,35,38,41,42,47,48,49,63,69,74,78,81,86,93,99
11,29,47,48,63,69,73,76,80,81,85,87
3,8,11,12,13,36,48,52,53,66,67,77,93
3,8,20,25,33,36,38,48,52,61,66,73,78,80
9,14,19,23,26,36,41,44,49,73,83,89,95
0,6,7,17,35,42,47,61,63,74,99
8,9,14,19,29,36,39,43,48,51,61,62,68,69,81,85
3,5,12,31,35,38,39,62,69,71,89,93
9,17,21,29,38,43,48,72,87
17,25,28,38,50,55,62,69,87,97
3,8,9,25,36,38,39,48,61,81,87,93,97
11,17,29,34,38,47,61,62,63,66,69,72,76,87,96
4,6,10,11,17,24,43,50,57,62,63,67,70,78,80,81,83,87,93,97
9,10,12,13,26,34,36,38,42,53,61,67,69,76,87,95
4,11,12,48,61,69
38,39,44,47,48,55,61,67,72,73,77
25,26,28,34,35,45,52,63,68,75,78,80
3,13,38,50,57,62,70,94
3,4,7,9,11,17,22,25,28,36,38,60,72,73,76,87,89,92
3,4,9,14,16,17,20,21,29,36,47,72,73,78,84,86,87
7,9,10,18,22,36,38,39,50,67,69,76,85
8,11,14,21,28,38,47,61,63,66,67,80,90,96
17,21,28,33,35,38,40,67,69,73
4,8,11,26,36,42,51,63,67
0,8,29,35,43,57,59,60,67,76,86,95
3,12,23,36,38,41,48,60,63,67,69,74,78,80,85,87,93,95,96
17,23,28,29,35,36,38,39,46,63,69,71,72,81,93
8,14,33,35,38,42,46,47,48,49,63,67,69,73,80,81,84,87,89,93,95
3,21,34,36,38,39,47,59,72,73,78,87,93
3,11,17,18,35,36,43,51,63,81,86,89,95
0,3,6,35,38,40,42,48,51,69,70,80,83
11,12,21,23,29,35,36,38,39,41,48,51,53,59,62,63,70,74,83,85,87,90,93,94
11,23,24,36,46,57,69,72,73,85,95
12,29,31,33,34,36,38,45,62,66,70,71,81
35,47,61
3,6,11,14,26,28,29,36,40,57,67,70,72,85,89
8,9,11,22,28,35,36,38,41,43,48,62,63,69,70,71,81,85,87,88,90,96
11,17,21,23,43,48,49,55,62,63,71,72,73,76,81,85,97
3,11,36,38,47,55,61,66,73,74,78,88
11,17,33,35,36,38,39,43,55,61,69,71,89,92,97
11,13,36,38,39,43,60,68,78,81,97
5,7,8,14,28,29,38,39,43,48,51,53,69,73,74,91,96
17,26,36,39,48,49,55,63,67,68,69,71,72,73,83,85,86,95
3,12,19,26,33,34,39,43,45,49,61,63,69,88
11,20,28,31,38,42,48,52,69,87,94
11,13,14,17,27,38,51,59,62,78,80,83,87,89,91
3,8,9,11,20,27,28,34,36,44,47,48,51,54,61,67,68,69,71,74,80,81,87,97
4,6,11,29,38,46,49,60,62,63,67,85,87
3,11,16,17,24,31,34,36,38,48,62,63,70,80,83,96
3,5,9,10,12,18,25,26,41,43,48,51,57,61,62,63,75,79,86,87
8,9,15,28,38,44,47,63,69,70,72,78,83,87,92,95
0,17,22,33,34,38,39,42,52,57,63,69,85,89,94,96
3,34,38,47,51,61,62,63,69,80,83,86,88
3,5,6,11,14,17,28,29,32,35,36,40,47,48,50,62,63,68,71,78,87,89,95
5,15,16,18,28,29,38,39,42,47,52,57,63,69,71,73,85,87,93,95,98
3,5,9,10,11,26,28,29,31,35,38,55,66,78,83,87,97
6,8,11,36,39,43,51,53,54,57,93
8,9,36,42,57,62,66,69,80,81,87,97
0,3,4,16,28,38,48,51,57,66,69,71,86,90,95
12,17,29,31,38,39,40,61,80,87,93,94
3,8,18,38,49,66,87
7,11,12,39,42,45,57,61,63,69,73,77,81
8,14,26,29,38,40,45,61,63,67,68,78,81,87,92,93
6,7,8,21,36,38,43,48,49,63,69
5,26,28,29,34,35,38,44,48,63,69,83,87,93
7,8,9,11,12,38,48,51,61,62,70,71,81,83,89
3,9,11,26,51,67,81,85,87,89,90,93,96
17,36,47,48,61,62,63,71,77,85,87,89,93,96
3,21,43,46,48,59,61,63,68,72,74,79,83,86,87,93
3,33,43,61,88,96
8,19,29,38,39,43,44,46,47,48,51,61,63,72,77,80,87,97,98,99
4,14,29,34,35,48,66,68,69,73,78,85,87,93
3,61,72,89
5,6,7,8,9,11,17,34,36,38,39,40,42,47,62,63,66,80,81,83,85
3,8,13,14,17,19,28,29,36,40,48,49,60,67,70,81,83,85,86,87
34,38,43,45,47,51,62,63,67,68,69,72,85,99
3,8,11,13,38,40,51,61,62,63,69,70,85,87,90
7,8,12,26,36,38,63,69,72,74,81,85,93
3,9,12,15,25,34,38,39,45,48,51,63,72,73,74,78,85,87,90
4,8,9,33,43,45,47,48,68,71,78,95
3,9,12,24,26,28,34,40,48,51,63,72,73,86,88
14,21,35,36,39,48,52,53,63,72,75,90
8,11,12,14,36,38,40,45,48,69,73,86
5,32,38,39,40,42,43,49,52,61,69,70,72,78,82,83,87,89,93,99
6,7,9,13,25,28,38,41,46,52,61,69,72,74,76,78,87
3,4,11,17,40,50,51,67,80,85,93,94
3,9,18,19,23,29,43,47,48,63,68,69,74,85,87,99
8,9,17,33,40,46,49,72,86,87
8,11,14,17,19,25,28,29,38,47,48,61,73,83,87,91,98
0,7,9,10,11,14,34,36,38,40,50,63,72,78,80,83,87,89,92,99
8,11,13,14,17,38,47,52,54,59,74,85
17,19,23,28,29,33,35,36,48,62,66,67,68,71,81,87
3,8,16,20,25,35,38,45,48,61,63,71,80,83,93
11,14,17,34,36,38,42,48,63,68,69,74,78,87,92
9,27,48,51,69,78,87
3,12,48,51,63,72,86,88
4,9,26,39,48,53,63,69,75,83,87
3,12,17,20,23,26,39,66,70,72,87
8,19,35,61,69,92
4,14,24,26,28,36,38,39,42,43,47,62,63,78,83,85,87,89
0,3,7,9,14,15,17,20,23,26,51,52,57,62,63,68,69,76,80,87,90,97
4,8,26,28,34,38,42,48,51,70,87
0,11,28,36,38,39,44,46,49,51,52,63,67,73,81,87,98
33,35,36,38,41,47,96,99
3,18,19,26,49,63,72,74,78,81,87
5,6,9,27,35,36,39,40,43,47,51,61,63,66,67,71,87,96
8,21,36,38,40,48,61,63,69,76,79,83,87,89,98
0,3,8,14,21,25,26,34,35,38,46,50,55,63,69,70,78,80,85,87,89
9,13,17,19,24,29,38,41,61,62,63,66,80,85,86
0,3,7,11,12,19,21,28,36,38,48,51,62,63,69,71,72,85,87,92,95,97
11,16,17,18,24,33,36,38,43,47,48,53,63,69,71,72,73,74,81,87,89,98
0,13,35,36,38,40,42,43,48,62,63,66,71,74,83,95
7,8,11,25,28,29,36,38,43,47,59,61,66,69,87,95
5,8,19,21,23,25,28,31,33,34,35,38,42,43,61,63,69,71,73,78,87,92
0,8,9,19,35,36,63,68,81,83,86,96
17,24,28,36,38,50,63,67,69,71,81,90,95,97
10,11,12,17,25,28,29,48,61,62,81,89,91,92
14,43,48,52,63,72,88,89
3,10,29,31,35,36,39,47,56,69,70,73,86,87
5,6,7,8,16,17,21,33,36,38,50,59,63,67,71,87
3,8,10,11,23,38,39,47,63,69,85
5,8,17,19,23,28,36,38,43,50,52,60,61,67,69,86,90,93
14,36,42,51,55,66,81,86,87,95
4,11,18,19,22,29,36,38,51,59,63,80,87,89
14,19,47,63,73,91,92,97
8,14,22,29,39,40,45,67,70,73,87,89,91,93,98
4,5,17,25,38,59,71,86,87,90,92,97,98
3,11,29,38,69,76,80,81,86,87,89
4,8,11,17,21,28,45,55,60,63,67,69,73,74,86,87,89,94
11,17,25,36,48,49,52,62,63,66,71,78,83,85,87
4,8,15,33,40,43,49,67,81,85
0,3,8,9,12,14,23,25,32,34,35,38,39,41,48,63,73,87,88,90
13,34,48,69,78,81,84,89,93,97
3,4,14,36,47,48,51,63,66,70,73,93,95,98
8,21,27,36,43,69,81,83,85
6,7,8,9,35,38,48,66,69,71,77,83,86,87,97
8,14,17,19,36,38,47,53,63,68,85,86,93,95
4,7,8,14,15,17,23,26,36,38,49,52,60,63,67,72,78,81,85,87,93
9,11,14,21,33,36,48,52,67,69,71,74,81,95
0,10,12,15,17,35,36,38,40,48,49,60,69,78,89,93
0,3,8,12,14,17,19,25,38,48,62,69,72,76,81,85,86,96
0,11,14,17,21,38,40,48,50,52,60,63,66,76,86,98
11,15,23,32,38,39,47,48,67,71,78,81,97
29,40,60,63,71,76,78,80,81,87
6,26,39,40,45,47,52,53,68,70,78,83,93
14,21,25,29,38,43,63,66,68,69,74,78,87
0,3,4,22,35,43,62,63,69,71,78,87,96,97
9,17,26,35,49,87,89,96,97
3,10,14,35,39,42,63,72,73
6,7,11,28,36,38,42,51,62,69,71,72,81,83,88
0,8,20,28,29,40,41,42,48,51,70,72,89,93
1,4,6,11,14,18,23,26,28,34,38,48,52,53,63,68,69,71,87
19,35,39,51,57,63,76,78,87
3,5,8,19,29,35,36,38,39,40,41,43,51,61,69,72,76,86,87,93,96
11,18,39,47,57,63,69,73,81,85,92
0,8,11,12,14,17,21,33,34,36,38,40,51,57,66,69,74,83,91,95
11,17,21,28,34,36,62,63,69,94,95
6,7,21,23,28,41,48,63,74,78,80,81,83,89
36,54,68,87,97
0,7,21,29,38,40,47,49,51,60,63,74,78,83,87,89,90
3,12,17,19,23,29,34,38,39,40,66,67,80,81,87,93
3,7,23,28,51,52,62,69,80,87
3,6,9,12,38,39,47,62,63,69,70,83,87
8,11,13,18,19,28,35,38,40,61,63,64,66,67,73,89,95
3,11,17,18,19,34,35,36,38,46,60,63,67,69,72,81,87,88
0,3,6,8,11,36,40,43,44,47,48,61,69,74,78,87
7,8,9,17,28,29,36,38,39,48,51,61,62,67,69,71,84,85,86,87,89,93
3,4,7,8,13,28,38,69,72,73,77,85,87,88,93,98
3,8,12,17,26,29,38,39,46,48,57,63,69,71,80,83,85,86,87,89
13,18,23,27,36,38,40,49,60,80,84,86,87
8,14,40,52,75,85,86
9,38,39,41,47,49,63,80,83,86,87,96
10,20,38,39,42,50,61,63,67,80,87,97
0,11,31,44,48,81
5,17,26,29,38,51,62,70,71,72,78,97
0,4,23,28,38,48,59,60,61,67,69,73,83,87,94
5,14,17,19,21,26,28,35,40,52,61,62,72,74,76,94
6,12,34,36,48,63,67,69,83,86,87
3,15,25,28,38,39,42,43,47,63,71,74,77,92,97
3,11,13,26,27,36,43,48,51,53,63,89,93
8,11,13,25,35,38,39,43,63,70,71,74,83,86,87,95,98
17,34,43,59,63,77,80,85,87
8,17,28,29,39,45,60,63,66,69,71,87,89,91,93
5,7,9,10,11,14,22,28,38,48,52,53,67,83,85,86,89
5,23,38,42,43,46,62,63,72,81,83,87,88
3,4,9,14,29,36,38,43,47,48,49,66,69,73,76,78,81,85,93,94,95
3,4,8,9,23,26,36,39,48,55,61,63,69,86,89
4,11,12,17,28,29,38,43,68,69,76,81
5,11,21,23,31,33,38,39,47,48,53,61,62,78,86,87,94,97
17,23,39,49,51,62,67,72,73
4,11,23,26,27,39,42,46,48,60,68,69,73,74,88,89,93
0,4,14,29,36,43,47,49,78,85,94
6,14,29,36,38,45,50,61,62,68,69,77,81,83,85,87,89,93
9,23,35,38,40,51,52,75,80,85,92,95
3,8,13,19,36,42,48,49,67,68,74,83
9,21,35,36,38,51,67,70,85,87,89
3,7,8,11,14,28,48,61,63,66,67,73,85,86,87,89
6,9,16,17,29,32,34,35,38,40,45,51,52,62,63,66,72,75,78,80,83,89,93
33,36,38,42,69,71,93
8,11,38,59,69,74,76,80,81,86,87
14,23,27,28,29,31,36,38,41,43,49,63,71,72,80,83,85,87,89,94
14,35,36,39,55,74,80,87,93,96
3,5,11,17,36,39,40,49,68,70,71,81,95,98
0,7,11,28,33,38,40,43,47,48,51,63,67,75,81,83,89,93,97,99
0,4,11,12,18,20,34,38,39,43,47,51,59,61,67,70,80,86,87,97
7,35,38,40,42,43,63,69,81,86,87,95,97
3,28,29,47,48,50,57,63,67,69,83,87,89
11,17,28,38,43,62,63,71,78,86,87,95
0,8,19,23,29,34,38,39,42,47,48,50,55,61,72,73,77,80,83,86,87,89
3,8,19,36,38,48,62,63,66,78,85
0,3,26,33,34,35,38,40,43,54,63,73,86,87,95
3,11,23,28,29,31,39,47,48,63,72,78,80,81,87,99
18,19,29,35,40,52,61,63,69,88,93,95
8,29,34,36,39,62,63,69,74,80,86
9,11,23,38,49,57,59,80,87,89,91
21,29,35,38,42,45,76
14,23,36,47,52,71,74,76,78,81,87
3,16,18,23,24,29,35,36,38,42,43,48,50,66,69,78,81,83,86
4,9,13,18,20,25,38,39,40,48,68,73,83,85,93,97
6,25,29,32,35,40,62,63,69,72,78,81,97
3,7,29,33,36,38,49,50,61,62,69,76,80,87,89
0,4,14,17,20,26,63,71,87,88
14,24,25,29,31,38,40,48,73,83,87
5,17,36,39,48,57,61,62,63,68,76,84,85,87
3,8,9,16,17,20,36,38,46,47,50,60,67,71,73,74,77,83,86,87
18,21,23,29,33,36,43,45,48,61,71,81,99
7,13,14,23,40,49,59,63,68,69,72,78,80,86,97
3,4,9,15,22,23,25,26,28,38,39,48,51,61,63,69,72,81,86,98
0,28,38,40,42,48,51,61,69,93
11,15,23,29,33,46,48,74,76,78,86
3,11,36,47,48,64,67,69,74,75,76,83,86,89,97
10,12,17,34,40,44,60,68,89,98
0,9,11,17,26,36,38,39,42,47,51,66,69,76,86,90
8,10,12,14,36,38,55,63,69,72,74,76,81
3,8,11,14,17,36,49,51,63,66,83
3,7,8,11,25,28,31,35,38,39,50,83,87,90,97
5,17,29,36,47,63,69,73,87
3,9,21,23,28,30,43,47,52,62,63,67,69,71,72,73,85,87
3,5,14,35,39,55,63,72,73,80,85,87,95
3,7,21,22,23,25,34,38,47,48,51,62,63,76,87,93
3,6,8,11,14,17,19,26,36,38,39,46,47,48,51,55,63,69,70,78,81,87,97
3,11,38,52,67,73,79,83
17,29,35,36,62,63,83,86,87
9,11,17,36,41,50,51,68,69,81,86,87,94
3,29,36,43,48,56,57,67,78,79,89
16,17,18,21,22,23,24,25,28,36,40,47,61,68,71,73,86,92,95
8,10,14,21,23,29,35,38,40,49,52,55,59,63,67,76,78,86,87
12,31,34,35,48,50,53,55,62,67,68,78,81,83
3,8,9,28,31,36,38,40,63,78,93
3,8,10,13,23,26,41,50,56,60,69,86,87,92
14,29,32,36,48,53,55,63,68,69,70,71,72,85,86,89,92,94
5,8,17,18,21,38,39,43,47,53,59,63,85,86,87
6,7,8,25,35,38,47,78,85,87,99
3,6,8,12,38,52,61,63,68,69,71,72,85,87,98
3,11,22,23,28,33,40,48,49,51,53,67,70,85,95,97
4,5,8,17,21,23,25,28,34,40,48,61,62,74,83
13,14,21,26,35,60,61,62,69,78,80,81,88
11,12,13,27,35,38,40,52,60,68,69,74,78
7,43,49,61,62,83,87
0,3,5,6,17,28,29,38,43,48,61,67,69,71,81,83,87,89,90,93
3,10,21,29,39,48,62,72,78,86,87,89,95,98
8,16,28,34,50,52,61,63,72,96
5,36,38,63,68,78,81,87,99
6,11,12,34,38,46,48,51,55,57,60,61,66,69,70,81,84,85
6,10,14,17,23,26,40,43,45,48,55,60,66,67,69,74,87,89,93,94
3,4,8,17,21,26,28,38,39,40,43,48,52,63,68,71,74,85,87,95
5,7,9,16,21,25,28,29,38,40,46,51,52,60,61,62,63,66,69,81,85,86,89
21,28,35,39,47,63,87
3,9,19,23,24,38,43,47,51,69,73,87,89
0,7,8,24,25,29,35,36,38,39,40,48,52,60,62,63,69,72,73,81,85,87,94
0,3,14,23,32,41,48,73,88
3,4,5,7,13,17,21,23,26,29,34,38,42,65,69,80,86,87
3,47,63,74,85
13,21,23,31,38,40,47,49,61,63,69,70,78,85,89,96
8,9,14,30,33,34,38,42,45,48,49,53,57,60,66,69,74,76,85,87,92,95
5,7,8,14,18,24,29,35,47,49,62,63,71,72,73,76,80,81,83
3,11,13,14,22,23,34,36,38,48,53,86,87,89,90,93
4,11,14,17,18,23,29,31,34,38,60,71,72,87,94,97
7,36,37,45,48,67,80,87,95
3,6,9,10,27,36,38,39,40,42,45,47,62,63,66,74,75,77,78,87,89,90
6,7,24,27,28,29,45,51,68,73,74,78
11,13,18,28,33,35,36,38,51,61,63,67,69,81
3,5,11,42,52,60,61,63,68,74,85,87,92,94
3,10,13,14,18,28,35,38,39,45,48,63,68,69,71,73,80,85,86,95
3,4,8,31,38,48,60,63,69,73,74,83,85,86
3,7,12,17,21,29,36,60,67,87,92
0,3,4,9,11,25,28,29,51,69,71,78,87,89,90,92,93
25,39,48,51,69,72,79,83,86,87
7,12,14,19,21,29,35,36,40,43,62,63,69,83,85,93,97,98
8,17,18,29,33,38,40,49,55,61,63,69,72,81,89,97
12,22,23,29,36,38,69,73,81,89,91,92
8,28,36,38,40,48,69,78,83
14,17,25,26,35,50,51,55,68,69,74,86,95,97
21,23,40,42,51,63,78,85,86,94,95
4,8,11,15,21,23,29,35,36,38,44,46,47,55,61,62,63,69,71,85
4,8,9,17,23,25,36,40,51,59,81,85,87,89,90
3,8,9,14,26,36,48,52,62,67,68,69,85,86,87
16,34,43,47,48,72,73,83,98
0,4,14,20,25,26,38,48,63,69,72,73,97
7,8,11,28,29,31,36,38,43,46,62,63,66,72,76,81,83,85,86,87
6,19,24,28,29,38,40,41,48,49,68,69,73,74,87,90,97
3,13,14,35,36,38,48,55,66,76,80,86,92
3,4,12,13,18,36,52,53,59,60,63,67,71,78,87,90
17,26,28,38,42,53,66,81,85,86,89,93,95
3,8,14,17,28,38,46,51,53,69,78,83,85,86,87,89
9,23,28,34,36,45,52,62,70,72,78,79,80,81,85,87,93
10,12,32,33,34,38,41,51,63,71,81,85,87
3,5,14,17,38,43,46,63,69,70,80,81,83,90
0,11,12,28,29,36,43,48,63,67,69,72,76,86,87,93,95,98
0,10,11,28,35,36,38,43,47,53,57,60,78,81,89,91,95,97
3,11,14,28,35,36,41,43,48,61,66,72,73,76,85
3,8,10,22,24,28,38,40,70,78,87
0,8,18,33,38,42,61,63,73,78,83,86,90,92,93
1,6,8,19,23,28,38,43,44,46,57,62,63,85,87,96
6,8,15,22,26,28,29,38,40,41,69,70,73,80,83
3,11,27,34,51,69,71,78,81,83,87,93,97
8,29,33,36,39,41,47,73,78,80,81
7,10,12,33,36,38,47,49,55,63,71,80,81,87
28,38,48,52,57,59,67,71,85
3,33,36,38,47,55,57,61,62,63,66,74,97
3,19,20,26,32,38,54,61,69,70,80,85,86,87,88
27,28,29,36,41,42,43,63,72,81,85,86,87,97
9,14,36,39,42,43,69,70,71,72,80,88,97
7,8,9,14,19,26,28,34,35,38,47,49,51,61,63,66,67,73,81,83,87,88,93,97
8,17,21,31,35,36,38,42,48,50,51,53,61,62,67,80,85,87
8,11,17,23,26,28,36,38,48,59,60,61,63,68,69,72,78,81,87
5,14,28,29,35,36,38,48,69,71,81,85
4,7,28,61,74,97
7,13,17,19,28,42,48,49,51,62,63,69,81,85
3,31,33,38,42,47,48,49,51,63,68,78,83,87,88
9,12,18,19,21,28,43,63,66,67,69,80,87,88,90,92,99
4,8,11,14,17,35,36,38,42,43,47,48,49,51,60,67,71,78,85,86,94
23,26,29,42,51,54,93,95,97
3,7,9,23,34,38,40,42,62,66,80,87
9,14,22,28,33,36,38,43,48,52,61,62,77,83,86,87
8,9,17,21,26,38,40,43,63,66,70,71,83,86,87,96,99
0,3,11,20,26,28,38,40,43,48,52,53,63,67,70,83,85,86,87
6,36,49,60,66,69,81,85,87
5,35,38,39,40,42,49,60,63,67,70,71,72,78,81,85,86,87
0,3,9,10,29,38,43,63,69,70,71,72,76,80,83,86,89,93,98
7,8,25,38,39,42,45,59,63,73
5,9,29,36,38,39,59,62,63,67,69,71,78
9,17,31,39,48,50,51,53,60,62,63,67,71,81,83
7,9,14,25,35,36,38,43,47,67,70,73,80,85,87,93
4,10,11,18,20,25,28,38,43,51,61,69,87,89,95,97
0,10,14,18,22,35,43,47,50,61,62,63,67,69,71,80,83,89
3,8,11,13,28,29,33,35,48,63,74,78,80,98
25,49,50,52,55,69,85,93,96,97
7,8,14,23,28,32,38,43,47,49,53,61,63,87,96,99
0,9,14,26,28,29,36,39,41,43,44,48,51,63,69,86
12,23,25,26,28,29,36,45,53,63,67,68,69,72,73,76,78,89,93
7,8,9,11,12,13,22,36,38,42,51,54,63,74,85,87,88,89,91
9,11,33,36,47,63,66,78,96
0,11,12,14,17,18,28,29,42,47,48,62,63,71
6,8,11,14,21,33,36,38,39,45,51,55,61,66,67,68,69,71,78,85,86,87,97
2,3,6,8,14,15,18,23,28,29,32,33,35,36,38,46,47,50,62,66,67,69,73,76,85,87,88,90
3,28,29,35,40,61,63,81,83,93
3,5,8,19,24,36,43,60,69,72,98
11,13,28,34,38,45,46,48,51,63,66,68,73,74,78
4,31,61,63,67,81,83,87,89,93
4,6,8,9,11,18,28,63,69,71
5,6,9,11,13,17,33,38,48,50,69,71,75,81,83,93,94
11,12,14,17,38,52,53,70,80,85
9,21,33,34,35,36,38,44,47,48,52,53,61,63,80,85,87,88,89,99
7,9,12,28,36,38,49,61,63,66,69,76,85,86,87,93
4,5,7,8,9,11,21,28,35,36,38,40,43,45,47,62,81,87
3,8,18,21,36,47,48,51,54,63,64,67,80,81,86,87
3,5,9,28,38,41,42,60,68,86,98
7,8,9,23,36,41,48,49,51,60,63,79,81,83,86,87
3,13,14,22,29,36,38,39,40,47,51,61,67,70,83,86,87,99
10,11,17,23,35,36,63,87,91,94,97
3,11,18,31,33,35,36,38,42,51,67,69,87
10,17,19,36,38,39,48,61,63,69,72,77,80,83,87,89,96
8,17,19,21,38,39,47,51,62,73,80,85,87
3,10,17,29,33,48,56,60,62,63,69,71,73,78,79,81,85,89,91
8,10,24,38,39,45,51,63,67,71,87,97
5,9,34,38,43,47,59,61,62,63,67,69,71,73,79,81
7,14,17,29,35,36,38,52,69,74,80,81
1,5,8,14,15,34,40,45,51,62,63,67,69,70,72,81,83,85,86
0,8,11,22,36,38,39,57,63,67,69,74,75,93,97
0,4,10,14,20,21,26,28,36,39,40,41,43,63,93
3,9,10,17,23,26,39,56,57,62,63,69,71,74,81,84,86,94
4,9,14,28,36,46,57,63,74,83,87,90
14,15,25,28,29,36,49,61,67,69,80,81,86,98
8,17,19,25,36,40,42,43,50,55,63,73,97
3,35,36,70,85,92,95,96,97
8,12,23,29,48,51,72,86,87,89
0,17,25,38,48,60,71,75,78,86,87,89
0,23,29,38,39,42,47,69,81
0,5,6,7,38,41,48,49,61,63,68,83,85,86,87
3,10,11,19,21,26,36,48,49,63,78,80,83,86,91,96,98
0,11,12,38,40,42,44,47,48,51,57,62,63,66,71,73,80,93
8,14,17,29,33,38,40,42,43,45,52,62,63,66,69,73,74,75,78,80,81,86,87,93,95,96
3,8,32,42,43,63,67,69,72,76,77
8,40,67,86,87
3,9,11,13,14,36,39,41,47,67,71,76,86,87,92,97,98
3,12,14,29,36,38,43,61,63,69,73,78,81,83,85,92,97
3,8,9,18,36,55,62,80,81
9,13,14,19,26,36,38,47,49,61,66,73,81,86,87
0,17,21,22,23,27,29,33,38,40,50,52,63,69,80,87,90,95
3,4,12,20,23,24,39,43,48,63,69,79,83,85,87,99
4,7,18,21,22,28,38,41,52,63,69,80,87,97
8,9,10,19,26,29,36,39,45,47,48,49,63,68,70,73,80,95,99
3,4,14,33,36,43,47,49,67,78,80,83,85,87,93,94
3,5,7,8,29,34,38,39,41,46,49,63,68,69,73,78,80,81,86
17,19,46,51,87
6,10,22,31,33,34,35,36,48,51,63,69,70,96
3,7,8,14,28,29,36,38,39,42,53,59,63,67,73,76,81,85,95
38,51,52,53,80,92
8,11,16,18,20,21,22,24,25,26,29,36,38,48,52,80,85,87
3,5,8,9,12,21,28,50,52,54,61,62,69,73,87,92
0,4,8,9,14,17,20,26,36,38,45,47,63,72,75,87,97
3,8,9,18,28,36,38,49,61,63,69,83,87,93
0,9,17,19,20,21,28,35,38,43,60,62,67,69,78,85
5,6,8,9,11,14,17,24,28,31,48,49,59,63,66,67,71,77,80,81,83,87,93,97
0,3,9,19,21,28,36,39,40,41,42,48,51,62,63,64,67,69,83,93
3,17,29,35,39,48,51,56,67,78,79,85,86,89
3,8,10,28,36,45,47,60,67,70,72,80,93
0,9,10,14,19,39,49,52,61,63,69,81,85,87,93
8,14,16,17,36,38,40,49,51,61,63,66,67,70,73,75,83,85,87,89,92
4,8,9,17,23,29,35,36,47,48,55,63,65,67,81,87
8,11,17,22,29,38,39,42,48,63,66,67,70,73,74,80,87,90,93,95,96
5,9,19,36,38,51,55,59,62,63,70,74,81,87,95,97
3,5,11,14,17,36,40,45,54,61,67,68,74,85
3,7,16,24,25,26,28,34,36,40,42,48,51,62,63,68,73,78,85,89
6,8,11,14,17,19,36,39,49,66,78,80,81,93,97
7,8,9,10,18,23,26,27,28,29,34,43,47,60,62,63,66,69,73,74,78,83,85,95
4,9,11,23,28,29,38,63,70,74,85
7,8,11,35,38,63,70,78,87,93
38,43,47,50,52,56,71,73,80,85,87,92,93
13,14,44,49,52,66,68,71,97
11,17,28,36,60,61,63,67,68,69,78
3,15,17,28,36,38,45,48,61,62,81,88,93
9,33,36,39,40,48,52,61,67,69,71,80,81,87,90,95
3,10,21,36,40,47,63,72,78,80,85,87,96
8,23,28,30,33,35,38,39,40,44,66,69,80,81,86,87,96
23,38,42,43,44,57,71,76,80,81,85,87,97
3,8,10,20,36,38,39,45,52,55,69,79,82,87,89
7,17,28,31,36,40,47,48,49,60,69,72,80,85,87
3,7,14,25,35,38,43,48,51,52,67,73,87,88
3,6,11,14,17,18,34,35,39,63,66,69,70,71,74,81,85,89,94
7,8,10,13,17,21,34,38,49,63,71,75,83,86,87
4,11,14,28,36,38,40,52,53,62,63,67,69,72,73,74,85,86,87
17,33,53,68,74,81,87,95
10,13,14,15,18,21,36,38,43,50,61,62,69,72,73,74,78,90,95
11,19,28,48,60,63,76,81,89,93,98
3,9,22,23,28,29,36,42,48,59,63,67,69,81,85,95,97
2,3,11,14,21,28,35,36,38,40,41,45,49,51,52,57,63,76,97
28,40,42,47,49,59,63
3,5,17,21,29,36,47,52,63,64,67,69,87,98
3,5,6,10,11,17,25,35,36,38,52,62,63,69,70,72,80,87,88,95,97
1,3,4,16,17,31,36,48,51,61,70,83,88
8,14,18,23,28,29,36,40,45,47,52,61,62,67,69,81,83,86,89
3,7,9,17,36,38,45,48,63,74,81,97
10,39,40,45,48,83
7,9,17,21,28,36,38,42,47,61,63,70,83,85,89
0,3,4,7,11,17,29,36,47,49,52,57,63,68,72,77,80,88
8,13,26,29,34,38,40,48,51,61,62,69,73,78,83,87
8,11,12,28,36,38,48,49,51,69,70,83,89
4,14,15,28,35,46,47,50,51,68,71,77,85,97
10,12,33,38,41,60,71,83,85,89
1,3,7,21,23,25,29,38,43,46,47,48,62,67,69,70,71,73,81,83,85,87,93
3,8,10,18,23,34,48,52,67,72,73,82,83,86,89
8,11,17,28,34,36,38,40,47,48,55,57,63,69,71,72,80,81,85,87
18,31,33,36,39,48,60,61,81,83
5,7,8,13,22,26,28,29,38,39,40,41,47,49,62,63,70,80,83,87,91
12,21,35,36,38,49,61,62,63,76,83,87
4,8,14,21,23,38,39,74,80,87,98
10,11,21,23,28,36,38,47,52,63,67,80,83,86,90,93
5,8,9,25,38,42,45,46,48,52,61,63,66,70,73,85,87,93,97
5,8,21,23,25,39,40,43,48,59,62,71,80,83
9,26,38,42,61,63,69
1,3,7,11,12,14,23,25,36,38,43,46,51,63,69,72,83,85,87,97
9,19,21,42,47,50,63,69,71,77,81,86,87,90,92
8,11,21,22,25,28,35,36,38,47,48,51,52,63,69,87,92,93
28,43,46,50,51,69,73,80,92,93
0,6,11,28,30,34,48,66,69,70,81,86
14,17,21,28,36,38,43,54,61,63,66,85,87,89,93
4,9,10,26,38,39,40,41,42,51,59,60,61,63,68,72,73,85,91,99
9,17,21,29,67,80,86,87,93
28,29,36,38,50,55,62,69,71,87,93
0,7,14,21,28,33,34,35,38,53,62,63,66,69,80,81,83,86,87,89,93,95
9,20,23,24,26,29,35,38,51,63,73,89
9,11,18,33,47,48,49,59,60,63,81,85,87
17,28,33,38,51,60,61,66,67,71,85,86,87
8,18,21,23,28,36,47,51,52,53,67,69,86,97
31,35,39,48,57,62,69,80,83,85,87,93,97
3,7,17,35,38,40,42,47,63,71,87,89,98
5,7,11,28,33,38,39,48,51,52,62,69,89,95,98
7,9,29,32,33,39,48,49,51,61,62,69,71,80,81,83,87,89,93,96
24,35,36,38,43,51,52,71,78
9,10,11,26,36,48,60,63,69,78,80,81,87,89
8,17,35,43,52,69,78,80,83,87
3,7,12,23,24,28,32,38,40,45,48,61,63,69,77,78,85,87,92
6,8,13,17,27,42,48,60,66,67,70,74
4,5,8,9,13,17,21,23,33,40,61,63,69,76,79,83,85,87
3,12,14,21,28,41,43,54,60,66,67,70,80,93
3,8,11,31,33,35,38,41,43,83,85,86,87,94
9,12,14,22,34,36,38,39,42,43,62,63,67,69,83,87,94,97
6,7,8,11,14,17,18,21,28,36,38,49,51,55,61,63,66,69,72,73,81
8,16,26,29,36,39,66,70,73,85,86
3,5,18,36,40,42,66,68,71,95
0,8,9,17,21,29,33,35,38,40,52,63,67,87,97
5,11,38,39,52,61,63,67,68,84,87,97
6,7,9,14,17,19,22,25,28,29,33,53,62,75,85,94,95
3,8,11,12,14,17,25,27,33,51,69,80,83,85,86,87,94,97
0,3,4,7,27,28,29,36,48,49,51,57,63,71,72,80,87,94,97
0,13,15,17,22,38,62,63,67,69,80,81,83,85,86,87,89
11,13,29,35,38,48,74,83,93
8,9,21,22,23,28,38,40,42,47,53,61,62,67,69,71,74,76,87,98
4,7,9,21,28,36,38,47,49,69,72,76,93
17,21,29,36,39,48,49,71,87,93
9,13,14,22,23,28,35,36,47,48,53,54,62,63,70,71,80,87,93,97
3,11,26,28,38,39,62,66,72,73,90,93
14,19,39,40,49,60,73,81,83,85,87,97
35,36,38,48,78,86,87
1,16,18,28,29,35,36,38,42,43,50,61,63,70,73,80,85,92,93
23,38,40,46,51,53,87,89,93
5,35,38,39,48,62,63,69,78,85,87,89,95
3,7,14,20,39,47,48,52,62,67,75,83,86,87,93,95
0,3,9,11,28,29,31,36,42,52,57,59,61,63,72,74,79,83,85,87,89
8,21,28,29,38,39,68,69,71,86,87
7,8,21,29,42,47,51,60,63,68,69,73,81,87,90
3,9,13,18,24,25,26,28,29,36,38,39,47,67,68,80,97
8,13,27,35,38,40,42,43,52,60,63,74,78,80,85,87
17,35,38,55,61,62,67,68,69,73,74,78,80,86,87,88,89
5,6,12,17,18,22,32,38,39,40,48,70,78,80,81,85,93,97
4,7,17,23,34,35,38,43,45,59,63,67,85,86,87,92,94,98
3,8,9,20,23,25,38,39,47,55,70,72,78,80,86,87,89
0,6,8,9,21,27,29,35,38,39,40,47,48,66,73,74,80
3,10,35,36,38,45,48,51,62,63,67,69,81,85,86,89,97
8,12,14,21,24,36,38,51,62,67,69,70,78,81,87,93,98
14,21,26,29,33,36,38,40,47,52,80,81,99
3,8,9,10,12,18,38,39,40,43,44,46,47,59,63,64,80,83,87,95,99
3,11,12,16,17,18,21,35,38,59,60,63,66,78,81,85,86,89,92
0,1,3,14,19,26,28,38,48,69,72,80,85,92,95
4,8,11,17,21,23,25,36,39,44,47,48,50,61,63,68,72,73,78,80,81,87,90
5,9,12,14,16,18,35,36,41,61,67,79,85
8,13,29,31,36,38,47,48,49,53,63,73,74,78,80,81,83,93
8,9,17,21,23,33,36,39,48,52,57,62,63,78,85,98
11,17,21,25,49,57,61,63,66,68,69,76,78,80,81,99
5,7,22,25,36,46,89,97
0,17,35,38,47,69,70,86,92
8,9,11,17,26,38,39,53,59,60,63,68,81,85,87,94
4,7,21,28,38,40,61,62,63,66,83,87,95,98
0,20,25,28,34,36,43,46,49,51,67,69,72,78,86,89
14,28,35,38,39,42,47,60,63,72,81
3,12,19,34,35,39,40,42,43,45,47,55,61,62,63,69,70,73,78,89,93
0,8,14,15,17,18,29,35,36,39,43,53,69,70,81,93
3,10,11,13,39,40,67,68,72,80,87
8,9,14,18,19,22,25,38,48,49,81,83,93,97
3,8,11,38,41,43,48,60,61,63,72,78,81,85,89
1,3,7,17,21,29,35,38,43,51,69,71,74,81,83,87,89,97
2,18,23,33,35,36,38,45,47,48,57,61,62,63,69,71,74,80,83,85,87,89,90,93,97
8,10,34,36,38,47,61,63,66,67,69,70,72,77,81,85,89,97
11,14,38,43,49,51,52,53,62,63,67,68,71,74
3,17,18,26,28,29,52,60,63,74,80,83,85,89,90,93,94
38,39,43,47,49,59,61,71,87
8,23,43,48,59,60,78
7,16,18,36,38,39,51,62,63,67,69,71,72,75,78,83
13,17,23,25,36,38,63,67,69,72,73,78,79,87,93
6,8,11,23,24,36,38,43,48,51,53,63,66,69,71,75,87,88,89,97,99
7,8,9,21,23,26,27,28,36,38,42,45,48,52,62,63,71,72,78,97
3,5,7,21,44,48,52,61,63,74,78,87,90
9,28,31,34,47,51,60,61,78,83,96
5,8,11,28,38,40,43,45,47,48,68,69,85,96
3,14,28,29,33,36,38,43,57,61,67,70,72,73,78,79,81,83,87,89,98
9,13,28,36,38,39,43,46,47,51,60,63,78,80,81,87,90,97
3,8,43,46,60,61,62,63,68,69,87
4,6,8,9,14,17,33,38,47,62,63,78,80,83,87,96,99
10,15,21,38,40,55,63,66,69,77,80,81,85,93
4,7,11,27,29,34,38,61,63,67,70,85,87
4,9,10,13,20,22,29,34,41,57,63,68,69,72,74,79,85,92
6,9,14,36,44,48,63,68,69,72,80,85,86,87,89,95
5,21,38,43,47,50,63,67,78,80,81
9,11,17,20,21,23,24,36,38,39,41,66,68,73,78,81,85,87,90,97,98
3,38,62,63,69,85,87,94
11,12,23,29,33,38,45,55,60,78,85,93
17,19,38,42,47,50,62,63,66,69,87,90,93,96,98
11,38,40,43,60,61,62,63,68
8,9,10,21,36,38,63,67,69,80,85,87,97
3,9,17,51,62,63,69,80,85,86,95
17,28,29,35,38,40,60,67,69,77,78,87,97
1,11,19,23,25,38,48,61,62,71,73,74,81,83,86
3,8,16,19,25,28,29,33,34,36,40,48,66,67,69,72,80,81,85,88
4,10,14,33,34,35,36,38,42,43,57,60,67,69,74,85,87,97,98
9,10,17,21,24,26,35,42,49,53,63,68,69,74,80,86,87,88,89,96,99
3,7,12,21,34,36,48,53,63,66,74,75,80,83,85
17,38,39,43,48,93,95,96
3,9,26,38,43,46,47,69,70,80,83,87
8,9,17,21,36,38,41,43,61,62,80,87,99
1,3,10,11,14,28,29,31,38,43,48,60,63,67,72,80,85,87,90,95
6,7,22,34,36,39,71,80,86,87,93
11,17,28,33,43,48,89,93,96
6,11,17,36,51,53,60,69,72,76,84,93
3,28,33,34,45,49,62,63,71,80,83,85,87,88,95
11,14,19,21,26,33,38,41,51,59,60,62,73,74,78,87,88,89,93
5,17,25,27,38,43,47,62
3,4,9,17,18,19,36,44,62,63,73,81,85,86
6,7,11,33,47,51,63,73,74,83
17,21,39,40,48,57,69,95
3,8,16,18,25,28,29,36,38,42,43,50,52,69,71,80,88
4,19,22,33,34,49,51,67,79,89,92,93
8,16,17,26,33,43,54,60,61,62,63,85
9,10,17,34,36,38,39,45,48,51,52,62,63,68,71,73,87
5,15,19,21,23,28,36,38,62,66,70,72,73,87
3,11,17,18,19,21,28,36,38,42,48,61,71,81,83,87,92
8,9,11,26,28,42,45,52,53,54,59,66,68,69,72,78,83,85,86,89
5,14,16,28,31,38,39,41,42,59,60,61,62,71,74,76,78,87,90,95,97
9,11,23,24,25,28,29,45,52,54,59,61,78,79,87
5,6,21,26,28,29,38,59,63,86,87,94,95
3,7,8,11,13,17,21,28,31,38,39,71,73,77,87
7,8,10,13,14,16,17,29,33,35,39,45,52,70,73,74,86,87
9,14,16,33,38,48,49,50,69,71,74,80,84,87,93
4,8,17,28,39,52,53,63,71,72,78,87,89,95,98
5,8,11,14,21,22,28,34,38,43,48,52,53,59,67,74,85,87,96
8,11,23,39,40,43,47,49,63,67,73,74,78,80
0,17,33,35,40,67,68,69,87
3,10,14,19,21,36,48,66,78,91,93
1,12,24,26,38,39,43,48,51,55,61,62,66,69,78,81,93
0,17,34,36,38,52,63,78,80,83,87,92
7,17,19,25,27,59,89,94,95
3,8,11,13,26,28,29,31,38,40,49,60,67,69,86,87,93
8,11,17,24,28,35,36,44,48,69,73,78,83,87,89
0,8,14,24,26,31,34,35,43,45,49,69,70,72,80,91,98
8,13,14,20,28,29,35,38,49,61,62,63,67,80
5,7,8,10,11,25,38,43,51,63,68,69,81,85,87
4,5,12,17,28,31,48,53,67,70,78,80,83,87,91
4,6,14,17,18,19,20,29,39,45,46,48,63,66,74,83,86,87
8,10,36,50,52,66,69,71,72,74,86,90,97
3,11,14,23,27,29,38,39,40,48,52,60,69,70,71,72,78,80,83,87,94
3,5,13,35,38,66,67,69,72,77,85,86,87,89,95
9,48,61,93
3,17,35,36,38,47,48,51,52,67,74,85,86,89,94
0,3,4,8,9,14,29,36,38,40,49,52,62,63,68,72,76,89,96
8,9,10,29,36,39,43,62,69,72,86,87,89
8,23,28,38,63,75,85,86
0,14,17,23,28,47,52,62,63,69,81,87,91,93
3,7,8,13,14,17,19,21,35,38,39,40,49,61,62,63,67,68,69,86,95,96
8,11,15,18,29,35,38,46,50,61,63,70,80,85
3,7,8,12,17,19,21,38,39,40,43,48,52,63,69,81,87,89,98
11,16,24,26,44,47,48,49,51,60,63,66,68,78,81,85
36,39,49,81,98
5,6,7,8,17,39,49,52,60,69,72,74,79,80,81,83,86,87
7,21,36,38,43,47,48,53,63,66,67,78,87
5,6,7,9,11,16,23,29,38,40,43,48,63,74,86,95
3,8,9,17,21,35,43,48,60,63,68,69,70,73,78,81,83,85,89
9,17,36,39,40,61,62,69,71,81
5,14,19,23,26,27,35,36,38,43,47,49,66,73,83,86,95,99
8,12,28,50,86,87,92
0,9,17,25,29,36,39,47,49,52,59,61,62,63,69,87,91,93,97
12,29,35,38,39,40,45,48,67,71,75
6,8,9,11,13,26,28,35,36,44,48,51,74,83,86,87,89,97
3,8,10,11,31,36,38,39,40,48,51,63,72,80,81,87
0,3,5,6,7,11,17,25,26,27,29,43,51,59,63,77,81,85,89
7,8,38,47,63,67,68,72,75,78,87,89
0,3,12,24,26,35,38,47,48,49,55,60,62,63,66,83,86,87,94,97
0,5,15,23,38,39,40,55,87,89
7,26,63,71,73,86,95
8,19,39,41,51,62,72,73,78,80,81,89
4,6,8,10,13,18,28,38,46,47,49,50,51,63,66,78,88
3,5,11,17,38,43,61,66,68,69,76,81,83,85,87
4,17,23,24,28,38,43,46,63,70,76,87,99
9,20,22,31,50,61,63,67,76,85,94,98
2,8,9,11,21,23,36,38,48,49,57,60,69,80,81,87,89
8,9,13,14,16,17,29,33,36,38,40,43,61,62,66,67,69,72,83,87,88,91
8,11,14,28,35,38,39,49,62
3,8,10,13,21,29,40,41,47,48,50,51,57,60,70,83,85,89,95,98
3,9,12,14,17,19,38,42,48,63,66,72,78,83,87,88
3,4,7,8,17,24,35,44,48,61,66,69,70,86,87,88
1,8,11,13,38,40,45,52,63,67,69,72,74,85,87
11,19,25,36,38,48,49,60,61,73,83,87,89,91
11,17,50,63,67,81,83,90,94
3,8,23,25,47,49,86,98
20,26,29,36,40,42,52,63,72,76,78,80,81,87,90,94
23,54,67,93
9,12,27,29,36,43,61,63,68,69,72,73,74,78,86,87
7,11,40,63,81,83,88,95
0,7,9,11,12,17,29,34,54,66,69,73,87,93
7,40,46,63,67,68,85,87
0,3,4,28,36,39,43,48,69,71,73,78,80,86,87,90
4,5,7,10,11,21,24,39,42,43,62,63,68
7,9,22,26,28,39,59,61,63,69,72,77,80,87,88,90
0,3,12,21,24,26,34,35,36,38,48,50,51,55,63,69,72,78,86,89
3,4,8,17,18,22,35,40,42,43,48,49,51,53,60,62,67,69,72,73,75,81,85,87
8,9,20,28,36,39,47,69,80,81,85,87,89,95
3,8,9,14,25,29,36,47,51,52,62,65,71,72,83,87,91,95,98
5,9,15,20,25,33,47,53,60,63,79,80,85,97,98
10,14,17,26,38,62,89,98
0,7,10,26,28,39,43,46,47,65,66,71,73,87,89,93
5,28,38,47,48,61,62,63,75,85,87,94
0,3,14,23,25,32,41,42,43,48,71,73,77,88
3,14,38,51,60,61,67,70,87,95,96
6,12,13,17,18,28,32,36,38,40,42,43,46,48,51,52,54,59,63,69,72,73,78,87
15,33,34,38,39,43,47,48,71,81
14,16,17,28,29,30,31,50,66,67,69,86
7,13,17,27,29,62,69,74,87
6,7,18,22,33,34,36,63,78,87,90,93
11,17,26,35,39,43,47,55,63,68,69,71,74,87,93
3,5,21,23,29,38,40,43,59,62,68,83,87
9,17,36,39,46,48,63,67,70,71,80,85
8,22,35,36,39,44,49,67,69,80,81,83,87,97
8,9,11,17,20,24,26,28,29,33,35,36,38,39,43,53,69,70,76,80,85,87,88,93,95
3,5,8,11,12,15,28,35,36,40,41,47,62,67,68,69,71,72,87,89,95,96
10,13,14,38,39,45,52,57,62,85
4,5,8,10,18,23,28,36,38,50,52,63,69,74,75,80,86,89
9,38,47,55,63,67,69,70,73,78
7,9,21,28,38,43,53,65,66,67,71,77,80,81,86,89,93
9,14,17,34,39,41,43,47,49,55,63,67,70,71,72,78,80,85,86,87,88,95,96
0,9,14,30,34,35,38,39,48,52,53,67,74,80,84,85,92
3,4,5,13,21,28,38,45,46,50,51,57,61,62,63,69,80,89,93,95,97
4,20,25,43,47,48,60,63,67,69,85,87
8,14,38,39,48,52,57,62,63,66,68,71,78,85,87,93
0,25,28,43,45,48,51,87
6,8,9,11,27,36,38,39,40,47,48,57,61,62,66,67,84,85,86,87,89
8,25,38,47,51,60,67,69,87
6,11,14,18,19,22,25,35,36,38,40,47,48,69,74,81,87,95
10,11,17,23,26,38,40,43,45,49,52,53,69,81,89
9,11,33,35,36,38,39,66,67,69,78,83,96
7,9,17,34,55,72,80,87,99
17,38,39,47,61,66,69,85,87
3,9,15,21,24,48,51,53,57,63,69,72,88,95,97
3,21,26,45,48,49,57,63,66,68,77,81,85,87,89
3,5,6,7,8,11,12,17,18,21,23,34,38,39,43,48,57,60,63,68,69,70,78,80,85,95,99
0,11,16,17,18,40,52,60,63,66,68,69,70,81,83,85,87
9,17,18,26,38,39,48,63,83,89,93
0,3,8,9,10,11,15,38,44,50,62,63,66,67,69,80,81,83,87
1,18,19,35,36,38,43,44,47,48,61,67,69,89,95
3,11,17,35,48,49,50,53,63,73
3,7,9,36,38,40,47,48,52,53,62,67,69,76,93
26,34,35,36,38,39,46,63,70,81,85
8,9,23,38,43,47,48,49,63,78,83,87,95
36,38,39,43,49,61,63,83,87,89
3,9,11,12,17,21,29,36,38,40,53,63,64,67,69,71,93
8,9,10,15,26,28,36,38,59,68,69,70,72,80,95
49,63,86,87,95,97
8,9,11,21,23,29,35,38,48,50,52,53,69,72,80,83,85,86,87,96
4,9,13,17,21,31,35,41,45,49,63,69,70
0,8,14,17,36,39,48,49,61,66,71,72,76,81,94
0,6,36,38,42,49,63,66,69,71,83,85,87,90
0,23,24,43,48,52,87,94,99
9,10,21,22,23,28,35,38,39,40,42,43,48,51,52,68,69,74,75,80,81,83,86,87,99
0,3,33,38,39,43,45,48,61,63,69,72,78,80,85,94,96
7,8,9,17,25,26,49,51,62,63,75,81,98
5,6,8,29,32,35,49,61,62,63,68,78,84,90,97
13,35,38,39,40,41,63,71,75,78,83,87
0,10,14,25,29,36,38,47,48,49,51,52,55,63,71,78,80,86,87,90
11,19,38,39,42,43,46,48,63,69,72,75,87
8,14,19,28,57,63,68,86,87,93,94
5,6,19,38,40,41,57,59,67,78,87,93,95
9,29,38,40,46,62,69,73,76,83,87
3,19,48,61,69,80,86
5,7,17,23,25,34,36,51,63,67,69,72,76,84,87,93,97
7,17,26,36,38,39,43,63,67,71,72,73,80,86
3,7,9,11,17,25,26,28,36,38,43,45,48,55,66,68,69,70,71,80,81,85,86
13,26,36,38,40,48,51,52,62,63,69,71,72,93,97
2,3,8,17,26,29,38,61,62,68,70,73,74,83,85,86,87,90,93,97
17,26,36,43,52,54,63,71,75,85,87,88,93,94
3,13,36,38,47,51,53,62,63,68,69,70
0,3,4,11,14,17,18,19,20,26,35,62,63,69,73,87
5,8,9,15,21,33,38,39,40,43,48,63,73,80,81,86,87,89,98,99
10,11,16,28,36,38,48,51,59,61,62,63,69,73,81,86
0,4,5,12,14,20,25,26,47,51,63,71
0,3,13,28,36,40,48,51,52,63,87
17,25,26,28,36,60,61,62,63,67,71,72,85,86,89,90,91,94,97
17,21,28,33,38,47,51,53,66,79,85,87
7,8,13,35,38,61,63,85,87
4,9,18,20,38,39,40,47,49,57,62,63,71,73,78,85,87
8,21,23,31,35,38,41,48,53,63,68,83,85
3,5,10,11,14,29,35,36,43,47,69,78,80,81,83,85,87,95
9,18,29,35,43,47,49,61,80,85
14,17,29,39,52,61,69,74
8,14,18,28,29,43,49,71,72,87
9,14,17,26,38,43,47,63,69,71,74,83,86,87
7,9,12,17,28,34,35,41,62,69,81,85,87,91
7,11,14,16,17,28,31,47,48,62,69,75,85,87,96
0,23,49,51,69,81,83,86,87
11,14,17,27,28,36,38,47,52,59,63,81,85,87,89,91,93
8,10,17,28,35,36,39,47,48,51,63,69,71,73,83,86,87,89,90
11,18,23,26,34,35,38,43,61,75,78,79
7,18,29,40,45,48,51,63,67,71,85,87,88,89,93,99
3,19,33,36,47,48,63,66,69,74,80
3,4,8,9,11,23,29,38,39,42,43,47,48,62,63,67,68,69,71,73,80,83,88,97
3,23,34,51,63,66,73,74
3,17,40,43,48,49,60,69,72,94
0,1,7,8,28,31,42,53,60,73,75,83
16,19,24,29,38,46,57,69,85,95
10,13,14,34,43,45,70,73,98
10,14,26,29,36,38,39,40,43,47,48,52,53,61,67,68,71,72,74,93
8,11,21,23,39,43,47,50,57,67,72,73,78,80,89
8,14,17,19,38,40,42,59,63,66,67,78,86
3,7,8,11,21,29,33,34,38,43,51,60,63,72,73,87
6,19,25,33,45,48,62,75,84,93
39,49,63,83
13,23,26,29,35,36,39,48,61,62,65,69,71,78,86,87,95
3,8,10,28,34,36,38,43,47,51,63,69,73,75,78,80,83,85,87,93
12,15,38,60,93
8,11,12,14,21,28,39,43,62,63,71,83,87,89
0,4,6,9,17,24,28,29,36,40,41,43,60,68,69,73,78,86,87
11,22,29,35,38,39,40,47,50,61,63,69,81,86,90,95
8,9,13,28,35,36,38,63,69,85,87,97
3,7,8,11,28,36,54,61,68,81,87,89,90,97,99
9,10,26,28,36,38,40,42,44,60,61,78,87,93
3,4,22,26,41,46,71,72,81,87,91,95
9,13,38,39,40,48,71,80,85,89,93,97
5,17,27,33,36,38,41,43,47,48,61,62,63,69,71,73,78,83,87,89,94
0,3,11,15,17,34,36,40,43,72,85,86,87,91
3,9,24,26,38,50,60,63,85,89
8,9,18,28,35,38,43,53,61,63,69,74,78,85,97
0,3,11,19,25,28,31,36,38,40,41,43,47,49,55,59,61,68,70,76,81,83,85,87,89,93
6,7,11,14,23,40,46,47,84,86,89,95
3,7,11,15,23,29,40,46,69,73,87
8,11,19,20,33,47,57,62,69,80,86,89
8,9,11,22,25,38,39,46,48,61,76,81,85,90,92,98
3,10,18,28,38,45,48,51,56,61,69,80,86,87
19,23,25,28,36,46,48,51,69,78,80,87,95
7,14,26,40,47,52,54,61,74,78,80,81,83,88
15,17,19,23,28,33,36,48,62,63,69,78,80,98
8,11,25,34,43,52,63,69,87,89,90
5,23,36,38,39,40,47,52,60,63,71,72,73,74
3,29,36,49,52,60,63,68,74,86,94
9,10,11,28,33,38,69,73,80,81,85,89
4,11,34,36,38,43,49,52,53,59,67,71,86,87
0,4,42,48,62,66,71,72,73,86,87,95
0,3,7,24,27,33,35,43,61,63,83,85,95,97
0,4,14,20,26,33,34,49,52,63,66,76,88
3,7,35,36,38,39,42,47,48,63,66,87,89,95
3,5,8,17,28,36,38,48,50,52,57,69,76,81,87
10,11,14,26,38,48,57,59,61,63,66,67,69,74,80,81,85,87,95
0,3,10,11,14,31,46,52,63,67,69,77,81,83,87
3,8,12,13,16,25,28,29,33,47,56,63,66,67,68,69,72,73,81,85,86,93,95,96
3,25,29,38,39,40,43,48,63,69,71,81,85
3,8,18,21,43,51,63,66,69,72,98
14,18,21,22,26,28,29,33,42,43,48,51,69,81,83,85,87
5,8,9,12,17,21,28,36,42,47,61,63,66,79,80
23,27,48,69,71,78,83
7,8,9,11,21,23,29,33,35,36,38,50,52,60,69,72,81,83,90
0,6,7,9,14,36,43,48,53,63,69,72,73,80,87,95
4,8,9,11,17,25,47,48,49,60,72,85,87
0,8,13,15,28,36,43,48,55,66,74,81
29,34,43,48,52,53,60,61,62,66,68,69,71,79,83,87
3,10,11,12,14,17,29,36,53,63,69,70,71,80,85,97
0,5,9,17,33,35,36,38,42,43,54,69,83,86,87
17,29,38,40,46,59,61,63,67,69,87
8,14,17,19,29,33,39,41,48,62,67,81,87,95
6,8,11,28,33,35,39,48,53,61,63,69,76,78
1,8,9,12,13,26,36,43,49,74,82,86,90
8,13,17,20,21,28,39,40,45,49,62,69,70,74,77,81,83,85,97
3,8,13,14,23,28,36,40,43,51,52,53,69,80,85,94,97
5,14,29,33,35,38,41,42,43,47,54,60,63,67,72,73,74,78,80,87,95,97
9,17,19,23,26,34,38,39,42,65,80,85,93,95,96,98
9,14,36,38,40,42,51,53,63,69,80,87,95
9,11,16,17,28,33,38,39,48,60,69,72,79,80,83,85,86
6,35,38,40,42,43,69,70,71,83,87,97
5,7,17,25,33,39,40,41,46,50,53,60,67,69,72,80,83,85,86,87
21,23,28,34,36,38,43,48,51,55,59,63,66,71,74,80,82,86,87,95,96
9,11,18,28,31,36,43,48,63,73,87,89,93
0,5,7,8,11,14,28,29,33,34,38,42,51,62,63,69,80,81,83
3,4,9,21,35,36,38,40,48,52,55,62,69,70,71,85,96
0,3,28,34,40,42,51
8,18,23,38,39,43,63,67,81,87,93,94
9,23,24,35,36,38,39,41,47,48,55,72,78,81,86,87
3,8,12,20,21,36,38,39,48,63,69,75,80,83,85,86,87,89,93,94
3,11,19,22,33,34,38,39,40,47,48,49,52,54,63,66,69,80,87,88,89,93
3,5,17,18,29,34,36,38,39,81,83,87,97
12,14,17,19,29,35,38,39,40,42,46,63,67,70,72,86,87,91
18,19,28,34,35,36,38,48,50,61,63,72,87,95
17,18,36,38,47,48,55,60,63,68,69,71,78,86,87
8,14,28,35,39,51,63,80,86,87,93,99
6,11,28,33,35,39,48,57,60,67,78,85,95
8,23,24,38,48,49,53,61,69,70,71,87,92
4,6,14,29,46,52,61,63,83,87,89,95
3,8,9,10,17,29,43,47,52,53,55,57,71,72,78,80,85,87,88,89,95
6,8,9,14,19,39,66
8,10,28,47,48,53,63,69,80,87,89,90,97
4,11,25,29,31,33,36,38,40,47,63,69,71,74,83,96
3,4,14,23,34,63,68,78,81,85,93
6,9,17,21,23,28,36,38,39,40,42,43,50,57,63,67,69,78,81,85,86,87,89,93
27,35,41,42,47,49,53,60,63,69,73,74,78,80,81,85,86,87,91
3,4,11,17,38,39,40,43,49,51,61,63,66,67,80,85,89,94
3,6,9,12,19,28,34,35,36,41,43,47,48,50,66,69,78,80,83,85,86,87,93
0,4,8,24,29,35,48,49,51,69,86,88
7,11,21,25,28,29,38,40,42,43,47,48,53,63,69,73,83,87,90,93
3,9,11,29,36,47,55,60,63,69,73,74,75,78,83,86
3,8,9,19,21,25,28,34,36,38,39,47,59,63,72,78,91
3,4,5,25,43,61,63,68,69,72,84,86,87,89,97
0,3,11,14,16,17,40,57,61,63,69,74,86
14,25,38,49,50,60,63,68,78,89
3,4,11,34,51,52,53,67,69,71,86,87,97
3,17,40,43,45,47,48,49,60,69,73,74,85,93
3,12,28,36,38,39,51,52,53,57,61,63,67,70,85,86,89,97
11,17,23,35,36,38,60,62,63,67,68,74,78,83,85,93,94,97
1,8,14,17,18,21,36,39,44,47,48,54,67,68,69,70,81,87,97
0,8,17,26,38,47,50,60,63,67,71,74,81,83,86,87,90
8,13,15,35,43,48,74,83,87,95
0,4,5,9,19,26,29,31,35,38,61,62,69,72,86,87,89
3,5,11,35,36,38,40,41,45,50,60,63,67,69,73,78,87,97,99
3,9,18,22,48,63,66,78,81,87
17,36,38,51,63,69,72,76,78,84,93
4,5,9,26,38,39,63,69,78,97
8,9,11,39,48,63,66,69,72,81,83,85,93
4,9,11,17,21,27,28,33,36,38,47,48,57,62,63,69,71,74,83,89,90
3,5,9,11,17,20,33,36,40,43,46,47,48,49,50,51,63,69,72,81,85,86,87,96,99
9,14,17,28,29,34,35,40,42,63,74,81,88
17,28,33,45,49,52,63,69,72,78,85,96
0,3,7,17,42,45,47,48,51,60,62,63,66,71,72,81,85,87,98
0,6,16,19,29,35,40,41,49,51,52,62,67,69,81,86,87,93,97
8,11,14,18,19,28,29,43,49,55,60,62,63,68,72,78,79,80,87,89,92
23,28,31,33,36,42,48,51,63,69,70,74,78,80,85
8,12,24,28,34,47,53,61,62,68,71,78,87
3,26,36,38,43,46,51,63,78,86,98
13,14,35,38,39,41,44,48,63,67,71,83,87,88
3,4,5,9,11,14,17,28,36,38,39,41,57,59,63,73,76,81
12,14,17,35,36,62,67,68,71,73,87,97
4,8,23,36,63
4,8,9,18,26,29,42,52,60,78,79,87,93
5,7,9,14,16,23,26,29,35,36,38,39,40,43,48,49,60,61,63,67,71,73,78,83,85,86,87,89
0,3,9,11,14,22,28,30,34,36,39,53,71,73,93
3,7,14,24,36,39,47,48,55,57,72,74,83,85,86,96
3,8,35,36,38,39,61,62,67,69,83,86
7,26,28,29,33,35,38,39,40,48,51,53,62,63,69,72,85,86,87,93,95
0,6,19,28,29,38,40,42,47,48,49,66,87
3,5,6,7,8,9,13,17,21,36,38,39,40,48,51,62,69,73,80,83,87
9,11,12,21,23,29,35,36,43,49,51,63,66,69,72,80
8,16,17,21,26,33,38,40,45,48,51,57,60,62,63,67,69,72,80,81,86,87,90,96
9,14,21,28,36,42,43,51,52,60,63,83,89,92,96,98
21,25,26,31,35,38,42,45,49,63,69,70,83,87
3,17,45,51,67,69,74,80,85,94
3,4,5,8,13,17,23,25,38,60,63,67,69,87,93
0,8,9,15,17,19,21,28,35,43,51,55,60,61,66,87
33,34,36,47,57,63,73,74,83,86,87,95
3,5,8,12,22,26,47,48,50,62,69,78,81,87,89
3,6,11,12,16,17,21,38,42,63,71,74
4,5,11,12,18,19,23,35,36,38,43,48,51,61,63,65,81,83,87,89,95
0,4,8,11,12,14,16,17,25,29,33,38,42,50,62,63,66,74,80,87
0,6,18,28,29,31,38,45,47,48,51,62,67,72,80,85,87
8,36,39,48,62,70,74,77,87,89
0,19,23,25,35,38,43,59,61,67,73,74,87,90,94,97
0,3,6,21,28,40,42,43,51,69,84,87,93,99
5,7,9,10,11,14,25,26,29,38,41,42,49,61,63,68,69,80,81,84,87,93,97
14,19,33,34,39,49,61,69,81,87,88
16,28,35,39,41,46,51,63,69,72,79,85,89
0,9,28,29,33,35,38,47,57,59,61,69,89
35,38,39,48,83,93,97
8,11,13,17,38,42,43,47,59,63,69,85,87
8,16,19,29,33,36,42,61,62,63,67
8,28,33,39,57,67,70,72,80,81,87,89,90
9,14,17,26,35,40,48,51,52,63,72,75,80,89,93
26,27,28,35,38,39,48,62,65,67,69
9,17,29,38,43,87
3,12,17,38,69,72,96
3,7,11,18,19,24,26,33,38,40,43,63,73,80,85,87,88,91,97
11,18,25,33,35,36,47,51,52,57,63,68,72,73,79,80,85,87,89,91,95
12,14,15,25,35,38,40,48,53,63,70,71
9,17,38,40,63,74,76,87
0,8,11,17,23,28,35,39,57,61,63,75,85,87,97
9,13,36,38,63,67,72,87,91,96,97
5,7,9,17,18,36,38,42,63,68,74,79,83
17,26,35,55,61,63,68,69,74,87
5,17,26,33,42,51,69,80,81,87
17,28,36,47,49,62,63,70,73,80,83,90
0,3,6,7,11,22,23,29,34,36,47,87
3,5,28,33,34,36,48,52,62,63,66,67,79,81,94
3,8,14,25,35,38,60,61,63,67,68,69
3,7,8,18,31,36,48,63,69,75,78,81,83,85,89,93,97
8,12,26,29,33,38,42,63,80,83,85
3,11,17,18,28,34,63,66,87,97
3,36,38,39,43,48,61,69,74,75,83,86,93
11,31,38,46,48,60,63,68,69,83,85,89,98
7,8,11,23,27,38,47,48,51,62,63,67,68,70,72,81
0,3,14,23,32,41,47,48,57,70,73,87,88
8,10,17,23,27,28,36,38,49,61,63,68,69,78,89,97
8,14,17,28,40,43,48,52,53,61,68,74,78,80,89,93,96
0,8,10,11,26,35,38,59,68,69,70,72,73,74,80,85,87,90,93
34,36,49,57,66,83,85,88,98
3,23,26,30,33,38,69,70,73,80,83,85
3,14,17,21,33,35,38,39,40,43,63,67,69,73,76,86,87,95
4,8,9,11,27,28,43,66,70,83,87,89,92
14,17,21,25,29,38,39,40,45,48,61,63,69,81,85,87,89
11,28,39,40,42,43,45,49,61,62,63,66,70,71,78,86,87,97
5,9,17,21,33,35,36,40,42,46,48,61,67,73,78,87
5,7,8,17,19,24,29,36,39,43,45,48,61,63,67,68,69,71,73,76,80,81,83,85,88,89,94,95
9,10,18,24,26,28,36,49,74
8,14,17,28,35,36,38,39,43,48,53,67,69,78,80,86
0,5,10,12,15,17,18,35,38,46,48,50,52,55,61,73,75,85,87
3,21,44,48,51,62,69,77,80,85,87
3,11,35,38,41,43,47,61,63,68,69,81,85,93
8,9,10,11,29,31,36,38,40,48,52,53,63,77,78,83,87,93
0,25,36,42,43,52,63,69,70,71,72,75,78,89
3,11,14,26,28,36,38,40,50,51,61,66,74,80
9,17,28,33,45,52,60,63,66,72,85,89,93,96
3,9,31,33,35,42,48,51,61,62,63,73,74,81,86,87,89
8,12,13,17,29,40,43,47,51,66,67,73,85,90,95,97
0,3,11,17,27,43,63,71,74,86,87,88,89
0,6,16,17,33,35,38,50,63,67,69,74,83,85,89,97
8,12,25,36,43,48,53,63,68,69,77,85,95
3,14,29,38,39,40,43,48,55,63,69,71,72,73,80,81,87
20,28,33,38,46,63,64,66,67,87
0,7,8,9,10,22,28,36,39,50,63,66,67,76,85,87
3,8,14,17,24,25,28,38,46,60,62,63,74,81,87,95
0,7,10,19,28,40,43,47,51,69,71,73,75,83
0,10,24,25,38,44,47,48,51,63,66,85
38,40,53,60,63,80,85,86,99
7,9,11,14,26,27,29,38,40,52,54,61,63,67,70,74,78,85,93
3,9,11,12,28,34,38,47,48,52,54,63,69,73,74,76,80,88
5,6,9,17,21,35,36,50,63,80,85
0,3,15,17,19,23,28,33,35,36,38,39,42,57,62,63,67,69,70,85,86,87,89,96
15,36,42,68,81,83,85
0,6,9,34,38,39,47,53,61,69,72,81,87,88
8,10,17,19,22,23,29,34,55,61,62,63,87,93,98
4,9,17,19,21,23,24,28,33,34,36,38,39,42,52,61,67,72,75,78,80,83,86,97,98
4,5,7,8,17,35,36,38,48,50,53,61,81,87
38,39,41,52,61,63,76,78,97
6,13,19,23,26,28,35,36,38,46,62,63,67,69,70,72,78,80,81
3,13,22,36,38,47,61,63,69,71,78,79,80
3,7,13,21,25,26,29,36,38,39,51,54,63,66,68,69,78,79,80,81,83,87,95,97,99
8,9,10,18,23,25,29,39,40,53,61,62,63,69,75,78,85,87,95
21,23,31,34,38,47,49,63,67,81,85,96
3,11,17,19,26,36,62,63,69,70,87,93
4,10,11,12,18,28,33,38,39,48,52,61,81,85,86
0,4,17,18,23,36,40,45,48,52,55,61,63,66,69,70,74
4,22,28,34,47,48,59,61,67,80,86,98
0,14,17,25,29,35,39,40,42,47,55,57,59,60,61,63,71,73,92
5,8,10,12,14,25,34,36,38,47,48,66,69,71,73,74,76,85,99
8,12,32,36,38,50,63,71,72,80,85,87,97
3,10,17,38,48,69,78,85,87,99
3,8,9,19,20,35,47,48,61,71,80,93
11,14,19,28,33,35,36,60,63,69,72,78,80,87,95
7,11,36,38,43,48,57,60,61,63,66,81,83,85,86,93,94
10,14,17,38,43,50,61,72,80,86
5,7,8,38,48,49,51,63,69,72,73,83,87
4,7,8,12,17,23,24,25,28,36,47,49,53,67,69,73,87
11,14,23,36,40,42,51,63,69,83
3,8,14,25,33,40,43,44,48,51,61,63,86,87,95
3,5,19,20,23,31,33,34,35,51,63,68,69,78,79,85,87,89,93,97
3,11,33,35,69,71,80,88
17,27,51,59,89
3,5,21,24,40,42,48,63,68,71,93,95
29,35,43,60,62,72,73,81,87,89
0,3,5,8,11,14,21,25,40,67,69,74,85,87,92,95
0,12,15,18,23,43,44,48,49,51,53,62,63,73,79,80,81,85,89
11,35,36,38,39,63,68,73,81,93,94
11,26,33,35,40,43,47,71,76,83,87
7,8,9,11,18,21,26,28,36,40,63,72,80,81,86,91,95,98
0,9,11,16,17,18,21,28,36,38,43,62,73,97
5,12,38,63,78,82
26,29,35,38,39,53,59,63,67,69,81,83
17,25,36,38,39,41,42,62,71,86,87,90
3,8,10,23,43,49,56,60,61,62,68,69,86
15,17,18,35,46,50,85
12,13,14,21,28,31,41,47,60,63,69,78,93
6,8,23,29,36,40,43,47,59,62,71,78,83
21,25,28,29,36,38,40,48,61,81,83,92,94,97
14,69,78,94
0,7,8,14,28,32,36,38,48,61,63,69,86,93,97
9,11,18,23,33,36,38,43,47,60,61,62,63,67,69,71,72,84,87,89,94,95
5,17,28,30,38,42,54,66,69,86
4,6,12,17,29,38,46,63,73,79,80,83,88
6,9,11,20,28,38,42,48,50,57,59,60,62,63,67,71,76,78,85,87
9,17,23,29,38,39,43,50,52,57,63,68,69,85,89,93
3,8,11,21,27,36,38,40,48,63,69,85
4,9,11,12,34,36,38,39,41,46,47,63,67,71,72,81,85,86,96
7,9,21,22,35,36,40,43,47,63,66,69,71,80,81,86,87,94,95
1,14,21,28,36,38,62,63,66,67,70,72,78,80,97
19,36,39,43,48,87,88,89
5,11,30,31,33,34,39,42,43,47,62,63,71,72,73,74,80,81,83,87,88,96
8,9,15,17,23,34,35,36,38,49,61,62,66,68,69,71,78,81,88
4,5,11,13,28,61,69,78,86,99
3,11,14,39,43,46,48,53,54,62,67,78,80,85,87,88,91,93
10,11,13,17,38,43,47,51,60,61,63,67,69,73,74,76,81,86,87
3,22,23,28,29,43,69,81,95
8,14,22,28,29,35,39,40,41,42,63,70,72,80
3,7,11,14,21,26,29,40,47,48,63,69,70,71,72,88,93
3,11,28,38,46,48,62,63,69,92,97
2,9,11,13,14,17,23,26,36,40,50,67,87,93
8,11,19,21,28,51,61,66,69,86,90
7,11,18,28,36,38,57,61,63,67,69,78,85,97,98
11,14,40,46,47,53,62,69,80,81,93
5,28,38,52,62,70,73
11,12,21,23,36,40,70,74,93,97
5,14,17,33,35,61,62,73,81,86
7,16,29,35,36,43,47,48,51,61,63,69,72,73,74,86,90,98
0,6,11,12,14,17,36,48,49,50,51,62,63,66,74,87
9,18,35,36,52,62,67,68,69,73,81,87,93,94
0,3,8,11,13,14,19,29,35,36,38,39,41,47,48,51,52,61,62,63,69,71,80,83,87,90,96
8,17,26,32,36,38,67,68,77,81,86,89,93
4,6,10,17,27,35,38,48,62,73,74,81,85
3,8,11,23,29,36,38,39,40,42,45,47,48,52,55,59,63,69,80,85,86,87,92,96,97
17,38,40,52,57,62,69,70,73,83,87,91
10,11,12,17,38,39,47,60,62,73,81,83,85,86,87,92,95
7,9,13,23,38,39,40,41,43,47,49,52,63,69,70,86,87
6,11,14,29,35,38,39,40,41,63,70,83,85,87,90,98
17,21,23,38,39,40,42,46,48,51,62,63,69,72,73,81,83,86,87,88,93
0,5,14,17,23,27,28,42,44,50,51,55,57,59,63,85,87,89,93
7,9,11,14,22,25,36,51,62,63,67,69,73,74,89
3,12,16,18,19,51,61,81,86,87
8,11,28,39,48,57,71,80,87
8,10,12,29,36,63,69,72,83,85,89,97
3,4,12,14,18,23,28,40,47,48,55,76,79,89
3,11,14,21,23,25,28,38,43,48,60,63,87,97
6,26,36,38,47,48,51,55,63,65,78,83
6,8,18,23,28,36,38,40,61,62,63,65,68,83,85
0,8,9,11,14,23,26,28,36,38,42,43,45,48,63,68,69,78,97
3,11,14,17,36,39,40,42,51,52,62,63,68,72,74,78,80,81,83,85,86,87,96,98
18,26,29,38,39,48,69,83,87,95
11,17,36,38,47,52,62,63,77,78,80,83,85
7,12,19,35,38,48,62,71,72,81,94,95
3,36,48,52,61,62,69,71,76,80,83,89
5,14,21,27,35,36,38,42,47,66,69,70,71,76,83,86,89,93,95
12,16,17,35,38,44,48,62,63,69,71,86,87,88,96
12,31,36,39,40,42,48,63,72,73,81,85,88,89
23,24,26,27,33,36,38,48,63,66,69,71,73,78,81,83,85,86
7,8,11,19,38,66,72,85,88
8,11,18,63,66,67,80,81,86,87
6,7,11,17,28,29,32,38,42,48,55,62,63,69,78,79,83,87
0,6,11,19,36,40,41,47,69,75,80,87,89,96
14,29,36,39,47,63,67,71,93
9,11,27,28,38,43,50,61,73,80,81,83,87,90,92
3,5,20,21,23,25,31,38,39,47,69,72,73,85,87,96
0,3,8,12,17,22,35,38,41,51,60,61,69,78,93
5,14,15,17,18,25,28,31,35,38,40,46,47,48,50,53,61,62,63,69,70,73,85,93
9,14,23,40,41,48,53,61,66,76,80,81,83,85,86,90,93
11,24,51,53,61,76,80,95
5,15,40,47,55,57,63,68,69,73,76,78,79,91,99
3,6,9,14,17,28,35,47,60,62,63,66,69,72,80,86,94,95
3,9,14,28,36,38,48,52,53,61,62,63,71,72,80,85,95
3,11,24,35,36,52,55,62,63,69,73,86,88
8,9,34,36,38,73,74,80,87,89,98
3,5,9,26,29,31,38,61,69,70,74,85,86
3,7,8,17,18,24,35,42,66,70
3,8,11,23,40,42,48,53,63,78,85
3,12,15,21,28,36,38,60,69,87,93
8,11,12,21,23,35,36,39,50,55,63,67,69,74,80,85,86,97
0,3,10,14,26,29,36,38,45,47,50,62,63,66,69,71,78,80,84,87
5,17,19,33,34,38,47,49,60,69,80,87,88
8,14,26,29,35,36,38,40,42,43,54,61,62,87,93,99
0,4,9,12,17,18,19,21,23,33,35,36,39,40,46,49,61,69,72,77,80,87
0,8,11,12,16,17,18,23,28,36,38,43,47,63,73,77,85,87,97
8,9,14,18,24,33,36,38,48,52,53,67,69,71,80
0,7,10,15,32,33,35,36,43,47,51,60,67,69,70,71,78,80,81,92
5,6,12,28,34,38,44,48,69,83,85,87,90
9,19,27,28,36,39,61,63,72
7,14,21,35,38,42,45,47,53,63,71,83
5,11,12,17,25,26,28,29,35,47,51,69,73,74,77,80,89,90
13,15,18,35,41,46,50,62,63,67,69,81,83,85,87
8,17,42,47,48,63,66,71,81,86,87
14,17,20,23,26,33,35,36,42,48,71,81,97
7,9,38,41,42,50,66,69,81,83,86,87,89,91,95
8,17,31,32,36,38,47,55,60,62,78,80,83,94
0,8,9,11,13,28,31,34,36,38,40,55,67,68,69,73,74,76,81,83,87,88
4,10,11,17,24,62,63,83
5,8,29,31,40,43,80,87
4,13,14,17,19,28,33,36,38,40,43,47,66,74,78,83,86,87,89
0,4,11,17,22,38,41,46,47,55,57,63,67,80,83,86,87,99
7,9,10,13,20,23,24,29,38,43,52,53,60,61,62,68,69,71,87,93,95,97
5,8,18,29,38,47,69,80,83,84,93
13,23,29,33,34,42,47,53,67,98
3,9,11,28,29,35,38,43,47,48,57,63,67,83,85,91
8,10,35,36,39,45,50,53,63,68,73,81,85,87,91
0,5,6,9,14,17,25,29,43,45,48,51,63,68,69,74,78,79,80,81,87
6,11,33,36,47,50,67,70,72,80,83,87,93
9,12,13,22,33,36,40,60,72,83,86,87,90,98
9,14,28,33,38,39,49,63,69,72,74,80,84,87
